-- phpMyAdmin SQL Dump
-- version 5.2.0
-- https://www.phpmyadmin.net/
--
-- Host: 127.0.0.1
-- Generation Time: Nov 03, 2022 at 08:39 AM
-- Server version: 10.4.25-MariaDB
-- PHP Version: 8.1.10

SET SQL_MODE = "NO_AUTO_VALUE_ON_ZERO";
START TRANSACTION;
SET time_zone = "+00:00";


/*!40101 SET @OLD_CHARACTER_SET_CLIENT=@@CHARACTER_SET_CLIENT */;
/*!40101 SET @OLD_CHARACTER_SET_RESULTS=@@CHARACTER_SET_RESULTS */;
/*!40101 SET @OLD_COLLATION_CONNECTION=@@COLLATION_CONNECTION */;
/*!40101 SET NAMES utf8mb4 */;

--
-- Database: `dbms_project`
--

-- --------------------------------------------------------

--
-- Table structure for table `course`
--

CREATE TABLE `course` (
  `CourseID` varchar(10) NOT NULL,
  `CourseName` varchar(100) NOT NULL,
  `DeptNo` int(11) NOT NULL,
  `InstructorID` int(11) NOT NULL,
  `ClassesTaken` int(11) NOT NULL,
  `Idx` int(11) DEFAULT NULL
) ENGINE=InnoDB DEFAULT CHARSET=utf8mb4;

--
-- Dumping data for table `course`
--

INSERT INTO `course` (`CourseID`, `CourseName`, `DeptNo`, `InstructorID`, `ClassesTaken`, `Idx`) VALUES
('AE101', 'Avionics', 1, 51002, 20, 1),
('AE102', 'Aero-acoustics', 1, 51001, 25, 2),
('AE103', 'Statics and Dynamics', 1, 51002, 20, 3),
('CS101', 'Data Structures and Algorithms ', 3, 53001, 20, 7),
('CS103', 'Computer Architecture ', 3, 53003, 20, 9),
('EC101', 'Telecommunications Engineering ', 5, 55001, 25, 10),
('EC102', 'Digital Logic', 5, 55002, 35, 11),
('EE101', 'Power Systems ', 4, 54001, 20, 12),
('EE102', 'Household circuitry', 4, 54001, 20, 13),
('EE103', 'Analog Electronics ', 4, 54001, 20, 14),
('IT101', 'Data Structures ', 6, 56001, 20, 15),
('IT102', 'Database Management Systems', 6, 56002, 20, 16),
('IT103', 'Operating Systems', 6, 56003, 20, 17),
('MN101', 'Rock Mechanics ', 9, 59001, 30, 21),
('MN102', 'Drilling and Blasting', 9, 59002, 30, 22),
('MT101', 'Mineral Processing ', 8, 58001, 30, 23),
('MT102', 'Thermodynamics', 8, 58001, 30, 24);

-- --------------------------------------------------------

--
-- Table structure for table `department`
--

CREATE TABLE `department` (
  `DeptNo` int(11) NOT NULL,
  `DeptName` varchar(100) NOT NULL,
  `Head` int(11) NOT NULL
) ENGINE=InnoDB DEFAULT CHARSET=utf8mb4;

--
-- Dumping data for table `department`
--

INSERT INTO `department` (`DeptNo`, `DeptName`, `Head`) VALUES
(1, 'Aerospace Engineering and Applied Mechanics', 51001),
(3, 'Computer Science and Technology', 53001),
(4, 'Electrical Engineering', 54003),
(5, 'Electronics and Telecommunications Engineering', 55001),
(6, 'Information Technology', 56002),
(8, 'Metallurgy and Materials Engineering', 58001),
(9, 'Mining Engineering', 59001);

-- --------------------------------------------------------

--
-- Table structure for table `head`
--

CREATE TABLE `head` (
  `DeptNo` int(11) NOT NULL,
  `Head` int(11) NOT NULL
) ENGINE=InnoDB DEFAULT CHARSET=utf8mb4;

--
-- Dumping data for table `head`
--

INSERT INTO `head` (`DeptNo`, `Head`) VALUES
(1, 51002),
(3, 53001),
(4, 54001),
(5, 55001),
(6, 56001),
(8, 58001),
(9, 59001);

-- --------------------------------------------------------

--
-- Table structure for table `instructor`
--

CREATE TABLE `instructor` (
  `InstructorID` int(11) NOT NULL,
  `PassHash` varchar(50) NOT NULL,
  `PersonID` int(11) NOT NULL,
  `DeptNo` int(11) NOT NULL
) ENGINE=InnoDB DEFAULT CHARSET=utf8mb4;

--
-- Dumping data for table `instructor`
--

INSERT INTO `instructor` (`InstructorID`, `PassHash`, `PersonID`, `DeptNo`) VALUES
(51001, 'instructor', 1, 1),
(51002, 'b3d34352fc26117979deabdf1b9b6354', 2, 1),
(51003, 'b3d34352fc26117979deabdf1b9b6354', 3, 1),
(53001, 'b3d34352fc26117979deabdf1b9b6354', 7, 3),
(53003, 'b3d34352fc26117979deabdf1b9b6354', 9, 3),
(54001, 'b3d34352fc26117979deabdf1b9b6354', 10, 4),
(54002, 'b3d34352fc26117979deabdf1b9b6354', 11, 4),
(54003, 'b3d34352fc26117979deabdf1b9b6354', 12, 4),
(55001, '55001', 13, 5),
(55002, 'b3d34352fc26117979deabdf1b9b6354', 14, 5),
(55003, 'b3d34352fc26117979deabdf1b9b6354', 15, 5),
(56001, 'b3d34352fc26117979deabdf1b9b6354', 16, 6),
(56002, 'b3d34352fc26117979deabdf1b9b6354', 17, 6),
(56003, 'b3d34352fc26117979deabdf1b9b6354', 18, 6),
(58001, 'b3d34352fc26117979deabdf1b9b6354', 23, 8),
(58002, 'b3d34352fc26117979deabdf1b9b6354', 24, 8),
(58003, 'b3d34352fc26117979deabdf1b9b6354', 25, 8),
(59001, 'b3d34352fc26117979deabdf1b9b6354', 26, 9),
(59002, 'b3d34352fc26117979deabdf1b9b6354', 27, 9);

-- --------------------------------------------------------

--
-- Table structure for table `person`
--

CREATE TABLE `person` (
  `PersonID` int(11) NOT NULL,
  `FirstName` varchar(50) NOT NULL,
  `MiddleName` varchar(50) NOT NULL,
  `LastName` varchar(50) NOT NULL,
  `Gender` varchar(1) NOT NULL
) ENGINE=InnoDB DEFAULT CHARSET=utf8mb4;

--
-- Dumping data for table `person`
--

INSERT INTO `person` (`PersonID`, `FirstName`, `MiddleName`, `LastName`, `Gender`) VALUES
(1, 'Aritra', 'Kumar', 'Das', 'M'),
(2, 'Binay', 'Ranjan', 'Seth', 'M'),
(3, 'Athin', '', 'Ray', 'M'),
(4, 'Abhijit', '', 'Pal', 'M'),
(6, 'Jaspreet', '', 'Singh', 'M'),
(7, 'Tiyasha ', '', 'Dey', 'F'),
(9, 'Ashutosh', '', 'Kumar', 'M'),
(10, 'Paritosh', '', 'Acharya', 'M'),
(11, 'Vinay', 'Prashant', 'Tamang', 'M'),
(12, 'Ajit', '', 'Agarwal', 'M'),
(13, 'Sachin', 'Prashant', 'Bore', 'M'),
(14, 'Rajat', '', 'Prasad', 'M'),
(15, 'Nazreen', '', 'Sultana', 'F'),
(16, 'Ajit', 'Kumar', 'Ray', 'M'),
(17, 'Animesh', '', 'Paul', 'M'),
(18, 'Rakesh', '', 'Agarwal', 'M'),
(19, 'Preeti', '', 'Kapoor', 'F'),
(21, 'Arif', '', 'Khan', 'M'),
(22, 'John', 'William', 'Samuels', 'M'),
(23, 'Joseph', '', 'Bale', 'M'),
(24, 'Prakash', '', 'Jha', 'M'),
(25, 'Binita', '', 'Banerjee', 'F'),
(26, 'Arindam', '', 'Chatterjee', 'M'),
(27, 'Vinay', '', 'Prasad', 'M'),
(28, 'Maitreya', 'S', 'Zalte', 'M'),
(29, 'Akito', '', 'Pzeswang', 'M'),
(30, 'Amrita', '', 'Biswas', 'F'),
(31, 'Parul', '', 'Shanti', 'F'),
(32, 'Asit', '', 'Lal', 'M'),
(33, 'Pramila', 'Deb', 'Roy', 'F'),
(34, 'Debosmita', '', 'Mukherjee', 'F'),
(35, 'Anindya', '', 'Mondal', 'M'),
(36, 'Rajarshi', '', 'Mondal', 'M'),
(37, 'Shinjini', '', 'Palit', 'F'),
(38, 'Mainak', '', 'Das', 'M'),
(39, 'Jhilik', '', 'Bhuiya', 'F'),
(40, 'Johor', '', 'Dasgupta', 'M'),
(41, 'Emilia', '', 'Hans', 'F'),
(42, 'Asmita', '', 'Sen', 'F'),
(43, 'Elon', '', 'Musk', 'M'),
(44, 'Bill', '', 'Gates', 'M'),
(45, 'Steve', '', 'Jobs', 'M'),
(46, 'Jeff', '', 'Bezos', 'M'),
(47, 'Pakhi', '', 'Sengupta', 'F'),
(48, 'Shamshad', '', 'Khatun', 'F'),
(49, 'Alivia', '', 'De', 'F'),
(50, 'Dimple', '', 'Kapadia', 'F'),
(51, 'Akshay', '', 'Kumar', 'M'),
(52, 'Deepa', '', 'Modi', 'F'),
(53, 'Dashrath', '', 'Choudhary', 'M'),
(54, 'Yaseen', '', 'Malik', 'M'),
(55, 'Kalu', '', 'Dalit', 'M'),
(56, 'Golu', '', 'Pandit', 'M'),
(57, 'Prasenjit', '', 'Singh', 'M'),
(58, 'Alivia', '', 'Ghising', 'F'),
(59, 'Alokananda', '', 'Biswas', 'F'),
(60, 'Akriti', '', 'Bhattacharyya', 'F'),
(61, 'Deepak', '', 'Adhikary', 'M'),
(62, 'Apratim', '', 'Majhi', 'M'),
(63, 'Anshu', '', 'Gupta', 'M'),
(64, 'Ashutosh', '', 'Borwankar', 'M'),
(65, 'Mehul', '', 'Chowksi', 'M'),
(66, 'Meher', '', 'Sheikh', 'F'),
(67, 'Sumaira', '', 'Sheikh', 'F'),
(68, 'Khaleed', '', 'Zaveri', 'M'),
(69, 'Alokananda', '', 'Mangal', 'M'),
(70, 'Hoshiyar', '', 'Sharma', 'M'),
(71, 'Imandar', '', 'Sharma', 'M'),
(72, 'Venugopal', '', 'Rao', 'M'),
(73, 'Tim', '', 'Southee', 'M'),
(74, 'Javed', '', 'Miandad', 'M'),
(75, 'Joy', 'Deb', 'Mallick', 'M'),
(76, 'Jaya', '', 'Ehsan', 'F'),
(77, 'Ashish', '', 'Chandani', 'M'),
(78, 'Bhola', '', 'Biswas', 'M'),
(79, 'Simran', '', 'Jha', 'F'),
(80, 'Jhilik', '', 'Santra', 'F'),
(81, 'Anindya', 'Kumar', 'Chatterjee', 'M'),
(82, 'Asad', '', 'Karim', 'M'),
(83, 'Nauman', '', 'Sheikh', 'F'),
(84, 'Zheng', 'Ding', 'Lao', 'M'),
(85, 'Shaheer', '', 'Ashraf', 'M'),
(86, 'Nourin', '', 'Zamal', 'F'),
(87, 'Vinayi', '', 'Gour', 'F'),
(88, 'Gopalika', '', 'Krishnan', 'F'),
(89, 'Komolika', '', 'Tudu', 'F'),
(90, 'Sangeeta', '', 'Hansda', 'F'),
(91, 'Parvati', '', 'Kumari', 'F'),
(92, 'Arzoo', '', 'Khan', 'F'),
(93, 'Mark', '', 'Zuckerberg', 'M'),
(94, 'Allahu', '', 'Akbar', 'M'),
(95, 'Jaya', 'Shree', 'Ram', 'F'),
(96, 'Alivia', '', 'Pinky', 'F'),
(97, 'Salman', 'Al', 'Saud', 'M'),
(98, 'Salman', '', 'Khan', 'M'),
(99, 'Lin', '', 'Niao', 'M'),
(100, 'Kamsing', '', 'Samson', 'M'),
(101, 'Noguen', '', 'Jose', 'F'),
(102, 'Jasveer', '', 'Vignesh', 'F'),
(103, 'Manthan', '', 'Pran', 'M'),
(104, 'Ashia', '', 'Fish', 'F'),
(105, 'Alicia', '', 'Goldie', 'F'),
(106, 'Aliki', '', 'Atulkar', 'F'),
(107, 'Ausho', '', 'Jaid', 'F'),
(108, 'Sassie', '', 'Sebastian', 'F'),
(109, 'Sedie', '', 'Sebastian', 'F'),
(110, 'Ajitesh', '', 'Nayabaz', 'M'),
(111, 'Pupu', '', 'Chatterjee', 'M'),
(112, 'Saoond', '', 'Sivam', 'M'),
(113, 'Dolika', '', 'Sethia', 'F'),
(114, 'Avaam', '', 'Singh', 'M'),
(115, 'Ayan', '', 'Shivam', 'M'),
(116, 'Alpitam', '', 'Banik', 'M'),
(117, 'Sadashiv', '', 'Alam', 'M'),
(118, 'Shazam', '', 'Saudhgar', 'M'),
(119, 'Isaac', '', 'Asimov', 'M'),
(120, 'Ilias', 'Grey', 'Eugeny', 'M'),
(121, 'Elphinstone', '', 'Jefferson', 'M'),
(122, 'Alpha', '', 'Male', 'M'),
(123, 'Sourojit', '', 'Sharmah', 'M'),
(124, 'Vikas', 'Mohan', 'Verma', 'M'),
(125, 'Surjit', 'Singh', 'Ahluwalia', 'M'),
(126, 'Manmohan', '', 'SIngh', 'M'),
(127, 'Amol', '', 'Palkar', 'M'),
(128, 'Nirmal', '', 'Dakiya', 'M'),
(129, 'Didier', '', 'Jihadi', 'M'),
(130, 'Jonas', '', 'Jode', 'M'),
(131, 'Janice', '', 'Jode', 'F'),
(132, 'Laikam', '', 'Kiran', 'M'),
(133, 'Jayesh', '', 'Like', 'M'),
(134, 'Narendra', 'Damodardas', 'Modi', 'M'),
(135, 'Jaanu', '', 'Shona', 'M'),
(136, 'Amol', '', 'Parrikar', 'M'),
(137, 'Alok', '', 'Alamgir', 'M'),
(138, 'Pee', 'Vee', 'Sindhu', 'F'),
(139, 'Sania', '', 'Mirza', 'F'),
(140, 'Eugeny', '', 'Bouchard', 'F'),
(141, 'Alikee', '', 'Jasmine', 'F'),
(142, 'Priyanka', 'Gandhi', 'Vadra', 'F'),
(143, 'Sonia', '', 'Gandhi', 'F'),
(144, 'Neeti', '', 'Mohan', 'F'),
(145, 'Shanice', '', 'Shrestha', 'F'),
(146, 'Sonia', '', 'Modi', 'F'),
(147, 'Neeti', '', 'Shah', 'F'),
(148, 'Shanice', '', 'Sharma', 'F'),
(149, 'Sonia', '', 'Joshi', 'F'),
(150, 'Neeti', '', 'Modi', 'F'),
(151, 'Shanice', '', 'Shah', 'F'),
(152, 'Sonia', '', 'Sharma', 'F'),
(153, 'Neeti', '', 'Joshi', 'F'),
(154, 'Shanice', '', 'Verma', 'F'),
(155, 'Sonia', '', 'Sarabai', 'F'),
(156, 'Neeti', '', 'Sarkar', 'F'),
(157, 'Shanice', '', 'Gowda', 'F'),
(158, 'Sahi', '', 'Bata', 'F'),
(159, 'Djakstra', '', 'Aizawl', 'F'),
(160, 'Nirmala', '', 'Sitaraman', 'F'),
(161, 'Bimala', '', 'Pollikar', 'F'),
(162, 'Smriti', 'Zubin', 'Irani', 'F'),
(163, 'Naina', '', 'Chatuvedi', 'F'),
(164, 'Nancy', '', 'Drew', 'F'),
(165, 'Nirmala', '', 'Priya', 'F'),
(166, 'Augustus', '', 'January', 'M'),
(167, 'Aiyo', '', 'Rama', 'M'),
(168, 'Mini', '', 'Ayub', 'M'),
(169, 'Maxi', '', 'Ayub', 'M'),
(170, 'Alka', '', 'Yagnik', 'F'),
(171, 'Vinita', '', 'Sadhu', 'F'),
(172, 'Harshita', '', 'Sandhu', 'F'),
(173, 'Alka', '', 'Das', 'F'),
(174, 'Vinita', 'Vibhash', 'Roy', 'F'),
(175, 'Harshita', '', 'Dasgupta', 'F'),
(176, 'Alka', '', 'Sengupta', 'F'),
(177, 'Vinita', '', 'Ghosh', 'F'),
(178, 'Harshita', '', 'Punia', 'F'),
(179, 'Alka', '', 'Dwivedi', 'F'),
(180, 'Vinita', '', 'Ghosh', 'F'),
(181, 'Harshita', '', 'Punia', 'F'),
(182, 'Visakha', '', 'Dwivedi', 'F'),
(183, 'Patila', '', 'Ghosh', 'F'),
(184, 'Pronamika', '', 'Punia', 'F'),
(185, 'Atika', '', 'Dwivedi', 'F'),
(186, 'Lakona', '', 'Mahato', 'F'),
(187, 'Arpit', '', 'Panda', 'M'),
(188, 'Nilava', '', 'Das', 'M'),
(189, 'Neelav', '', 'Raj', 'M'),
(190, 'Arpit', '', 'Mahta', 'M'),
(191, 'Nilava', '', 'Badalia', 'M'),
(192, 'Neelav', '', 'Jain', 'M'),
(193, 'Arpit', '', 'Bararia', 'M'),
(194, 'Nilava', '', 'Ganesh', 'M'),
(195, 'Budhaditya', '', 'Raj', 'M'),
(196, 'Animesh', 'Vishal', 'Mahta', 'M'),
(197, 'Swagatam', '', 'Badalia', 'M'),
(198, 'Rishabh', '', 'Jain', 'M'),
(199, 'Agnik', '', 'Bararia', 'M'),
(200, 'Arpita', '', 'Mallick', 'F'),
(201, 'Anamika', '', 'Mehul', 'F'),
(202, 'Anomaly', '', 'Girl', 'F'),
(203, 'Tulika', '', 'Tulsi', 'F'),
(204, 'Chahat', '', 'Chahal', 'F'),
(205, 'Paroma', '', 'Banerjee', 'F'),
(206, 'Sankar', 'Nath', 'Dutta', 'M'),
(207, 'Sonali', '', 'Bendre', 'F'),
(208, 'Atul', '', 'Kumaran', 'M'),
(209, 'Avik', '', 'Ghose', 'M'),
(210, 'Aishik', '', 'Datta', 'M'),
(211, 'Dhananjoy', '', 'Dey', 'M'),
(212, 'Dhana', '', 'Nanda', 'M'),
(213, 'Alisia', '', 'Noel', 'F'),
(214, 'Christian', '', 'Bale', 'M'),
(215, 'Thanos', '', 'Kumar', 'M'),
(216, 'Rishabh', '', 'Ajay', 'M'),
(217, 'The', '', 'Joker', 'M'),
(218, 'Sachin', '', 'Tendulkar', 'M'),
(219, 'Sourav', '', 'Ganguly', 'M'),
(220, 'Virender', '', 'Sehwag', 'M'),
(221, 'Ajitesh', '', 'Agarkar', 'M'),
(222, 'Ishant', '', 'Sharma', 'M'),
(223, 'Ravi', '', 'Shastri', 'M'),
(224, 'Virat', '', 'Kohli', 'M'),
(225, 'VVS', '', 'Laxman', 'M'),
(226, 'Ajay', '', 'Jadeja', 'M'),
(227, 'Paroma', '', 'Anand', 'F'),
(228, 'Vinayi', '', 'Shastri', 'F'),
(229, 'Ajitesh', '', 'Kundu', 'M'),
(230, 'Cristiano', '', 'Ronaldo', 'M'),
(231, 'Robin', 'Van', 'Persie', 'M'),
(232, 'Christopher', '', 'Columbus', 'M'),
(233, 'Donald', '', 'Trump', 'M'),
(234, 'HIllary', '', 'Clinton', 'F'),
(235, 'Lewis', '', 'Hamilton', 'M'),
(236, 'Narendra', '', 'Modi', 'M'),
(237, 'Rajnath', '', 'Singh', 'M'),
(238, 'Pablo', 'Emilio', 'Escobar', 'M'),
(239, 'Tata', '', 'Escobar', 'F'),
(240, 'Hermilda', '', 'Escobar', 'F'),
(241, 'Juan', 'Emilio', 'Escobar', 'M'),
(242, 'Camila', '', 'Cabello', 'F'),
(243, 'Colonel', '', 'Carillo', 'M'),
(244, 'Juan', '', 'Sanchez', 'M'),
(245, 'Raghab', '', 'Biswas', 'M'),
(246, 'Paridhi', '', 'Bhardwaj', 'F'),
(247, 'Atul', 'Anand', 'Jha', 'M'),
(248, 'Hugo', '', 'Sanchez', 'M'),
(249, 'Alfredo', '', 'Pasta', 'M'),
(250, 'Jomio', '', 'Paolo', 'M'),
(251, 'Guaido', '', 'Batista', 'M'),
(252, 'Palak', '', 'Muchhal', 'F'),
(253, 'Koolie', '', 'Roy', 'M'),
(254, 'Jivan', '', 'Sen', 'M'),
(255, 'Sangram', '', 'Basu', 'M'),
(256, 'Biplab', '', 'Bose', 'M'),
(257, 'Anirban', '', 'Bhaduri', 'M'),
(258, 'Ritwik', '', 'Ghosal', 'M'),
(259, 'Hansraj', '', 'Hathi', 'M'),
(260, 'Jethalal', '', 'Gada', 'M'),
(261, 'Popatlal', '', 'Patrakar', 'M'),
(262, 'Bin', '', 'Laden', 'M'),
(263, 'Barack', '', 'Obama', 'M'),
(264, 'Bill', '', 'Clinton', 'M'),
(265, 'William', '', 'Smith', 'M'),
(266, 'Koolie', '', 'Escobar', 'M'),
(267, 'Jivan', '', 'Cabello', 'M'),
(268, 'Sangram', '', 'Carillo', 'M'),
(269, 'Biplab', '', 'Sanchez', 'M'),
(270, 'Anirban', '', 'Biswas', 'M'),
(271, 'Ritwik', '', 'Bhardwaj', 'M'),
(272, 'Hansraj', '', 'Jha', 'M'),
(273, 'Jethalal', '', 'Sanchez', 'M'),
(274, 'Popatlal', '', 'Pasta', 'M'),
(275, 'Jodie', '', 'Paolo', 'F'),
(276, 'Barack', '', 'Batista', 'M'),
(277, 'Bill', '', 'Muchhal', 'M'),
(278, 'William', '', 'Roy', 'M'),
(279, 'Koolie', '', 'Sen', 'M'),
(280, 'Jivan', '', 'Basu', 'M'),
(281, 'Sangram', '', 'Bose', 'M'),
(282, 'Biplab', '', 'Bhaduri', 'M'),
(283, 'Anirban', '', 'Ghosal', 'M'),
(284, 'Ritwik', '', 'Hathi', 'M'),
(285, 'Hansraj', '', 'Gada', 'M'),
(286, 'Jethalal', '', 'Patrakar', 'M'),
(287, 'Popatlal', '', 'Laden', 'M'),
(288, 'Bin', '', 'Obama', 'M'),
(289, 'Barack', '', 'Clinton', 'M'),
(290, 'Bill', '', 'Smith', 'M'),
(291, 'Will', '', 'Smith', 'M'),
(292, 'Jinny', '', 'Ohm', 'M'),
(293, 'Johny', '', 'Watt', 'M'),
(294, 'Nicola', '', 'Tesla', 'M'),
(295, 'Alfred', '', 'Hitchkok', 'M'),
(296, 'Didier', '', 'Drogba', 'M'),
(297, 'Martinez', '', 'Juan', 'M'),
(298, 'Joùse', '', 'Ramirez', 'M'),
(299, 'Pinku', '', 'Mama', 'M'),
(300, 'Bubai', '', 'Kaka', 'M'),
(301, 'Aveek', '', 'Choudhary', 'M'),
(302, 'Abhijit', '', 'Banerjee ', 'M'),
(303, 'Abhishek', '', 'Bachhan', 'M'),
(304, 'John', '', 'Abraham', 'M'),
(305, 'Shahrukh', '', 'Khan', 'M'),
(306, 'Shahid', '', 'Kapoor', 'M'),
(307, 'Tanvir', '', 'Shoaib', 'M'),
(308, 'Ranveer', '', 'Singh', 'M'),
(309, 'Badshah', '', 'Patel', 'M'),
(310, 'Maine', '', 'Kaha', 'M'),
(311, 'Kya', '', 'Karoon', 'M'),
(312, 'Abhi', '', 'Najao', 'M'),
(313, 'Chhorke', '', 'Yedil', 'M'),
(314, 'Abhibhara', '', 'Nahi', 'M'),
(315, 'Will', '', 'Jha', 'M'),
(316, 'Jinny', '', 'Sanchez', 'M'),
(317, 'Johny', '', 'Pasta', 'M'),
(318, 'Nicola', '', 'Paolo', 'M'),
(319, 'Alfred', '', 'Batista', 'M'),
(320, 'Didier', '', 'Muchhal', 'M'),
(321, 'Martinez', '', 'Roy', 'M'),
(322, 'Joùse', '', 'Sen', 'M'),
(323, 'Pinku', '', 'Basu', 'M'),
(324, 'Bubai', '', 'Bose', 'M'),
(325, 'Aveek', '', 'Bhaduri', 'M'),
(326, 'Abhijit', '', 'Ghosal', 'M'),
(327, 'Abhishek', '', 'Hathi', 'M'),
(328, 'John', '', 'Gada', 'M'),
(329, 'Shahrukh', '', 'Patrakar', 'M'),
(330, 'Shahid', '', 'Laden', 'M'),
(331, 'Tanvir', '', 'Obama', 'M'),
(332, 'Ranveer', '', 'Clinton', 'M'),
(333, 'Badshah', '', 'Smith', 'M'),
(334, 'Maine', '', 'Escobar', 'M'),
(335, 'Kya', '', 'Cabello', 'M'),
(336, 'Abhi', '', 'Carillo', 'M'),
(337, 'Chhorke', '', 'Sanchez', 'M'),
(338, 'Abhibhara', '', 'Biswas', 'M'),
(339, 'Will', '', 'Bhardwaj', 'M'),
(340, 'Jinny', '', 'Jha', 'M'),
(341, 'Johny', '', 'Sanchez', 'M'),
(342, 'Nicola', '', 'Pasta', 'M'),
(343, 'Alfred', '', 'Paolo', 'M'),
(344, 'Didier', '', 'Batista', 'M'),
(345, 'Martinez', '', 'Muchhal', 'M'),
(346, 'Joùse', '', 'Roy', 'M'),
(347, 'Pinku', '', 'Sen', 'M'),
(348, 'Bubai', '', 'Basu', 'M'),
(349, 'Aveek', '', 'Bose', 'M'),
(350, 'Abhijit', '', 'Bhaduri', 'M'),
(351, 'Abhishek', '', 'Ghosal', 'M'),
(352, 'John', '', 'Hathi', 'M'),
(353, 'Shahrukh', '', 'Gada', 'M'),
(354, 'Shahid', '', 'Patrakar', 'M'),
(355, 'Tanvir', '', 'Laden', 'M'),
(356, 'Ranveer', '', 'Obama', 'M'),
(357, 'Badshah', '', 'Clinton', 'M'),
(358, 'Maine', '', 'Smith', 'M'),
(359, 'Kya', '', 'Smith', 'M'),
(360, 'Abhi', '', 'Ohm', 'M'),
(361, 'Chhorke', '', 'Watt', 'M'),
(362, 'Abhibhara', '', 'Tesla', 'M'),
(363, 'Will', '', 'Hitchkok', 'M'),
(364, 'Jinny', '', 'Drogba', 'M'),
(365, 'Johny', '', 'Juan', 'M'),
(366, 'Nicola', '', 'Ramirez', 'M'),
(367, 'Alfred', '', 'Mama', 'M'),
(368, 'Didier', '', 'Kaka', 'M'),
(369, 'Martinez', '', 'Choudhary', 'M'),
(370, 'Joùse', '', 'Banerjee ', 'M'),
(371, 'Pinku', '', 'Bachhan', 'M'),
(372, 'Bubai', '', 'Abraham', 'M'),
(373, 'Aveek', '', 'Khan', 'M'),
(374, 'Abhijit', '', 'Kapoor', 'M'),
(375, 'Abhishek', '', 'Shoaib', 'M'),
(376, 'John', '', 'Singh', 'M'),
(377, 'Shahrukh', '', 'Patel', 'M'),
(378, 'Sunn', '', 'Kaha', 'M'),
(379, 'Meridian', '', 'Karoon', 'F'),
(380, 'Nikolai', '', 'Najao', 'M'),
(381, 'Maduro', '', 'Yedil', 'M'),
(382, 'Yemma', '', 'Nahi', 'M'),
(383, 'Johor', '', 'Jha', 'M'),
(384, 'Xavier', '', 'Sanchez', 'M'),
(385, 'Alhamdulillah', '', 'Astaghfirullah', 'M'),
(386, 'Janavi', '', 'Jana', 'M'),
(387, 'Poisson', '', 'Distribution ', 'M'),
(388, 'Gay', '', 'Lussac', 'M'),
(389, 'Sesky', '', 'Lily', 'M'),
(390, 'Lloyd', '', 'Clive', 'M'),
(391, 'Robert', '', 'Peterson', 'M'),
(392, 'Matthew', '', 'Gaugh', 'M'),
(393, 'Robin', 'Van', 'Persie', 'M'),
(394, 'Raven', '', 'Revathi', 'M'),
(395, 'Tiyush', '', 'Pal', 'M'),
(396, 'Palu', '', 'Naija', 'M'),
(397, 'Sassy', '', 'Sanchit', 'M'),
(398, 'Illiad', '', 'Odyssey', 'M'),
(399, 'Judia', '', 'Alvarez', 'M'),
(400, 'Damier', '', 'Derozio', 'M'),
(401, 'Shahid', '', 'Escobar', 'M'),
(402, 'Tanvir', '', 'Cabello', 'M'),
(403, 'Ranveer', '', 'Carillo', 'M'),
(404, 'Badshah', '', 'Sanchez', 'M'),
(405, 'Maine', '', 'Biswas', 'M'),
(406, 'Kya', '', 'Bhardwaj', 'M'),
(407, 'Abhi', '', 'Jha', 'M'),
(408, 'Chhorke', '', 'Sanchez', 'M'),
(409, 'Abhibhara', '', 'Pasta', 'M'),
(410, 'Will', '', 'Paolo', 'M'),
(411, 'Jinny', '', 'Batista', 'M'),
(412, 'Johny', '', 'Muchhal', 'M'),
(413, 'Nicola', '', 'Roy', 'M'),
(414, 'Alfred', '', 'Sen', 'M'),
(415, 'Didier', '', 'Basu', 'M'),
(416, 'Martinez', '', 'Bose', 'M'),
(417, 'Joùse', '', 'Bhaduri', 'M'),
(418, 'Pinku', '', 'Ghosal', 'M'),
(419, 'Bubai', '', 'Hathi', 'M'),
(420, 'Aveek', '', 'Gada', 'M'),
(421, 'Abhijit', '', 'Patrakar', 'M'),
(422, 'Abhishek', '', 'Laden', 'M'),
(423, 'John', '', 'Obama', 'M'),
(424, 'Shahrukh', '', 'Clinton', 'M'),
(425, 'Sunn', '', 'Smith', 'M'),
(426, 'Meridian', '', 'Escobar', 'M'),
(427, 'Nikolai', '', 'Cabello', 'M'),
(428, 'Maduro', '', 'Carillo', 'M'),
(429, 'Yemma', '', 'Sanchez', 'M'),
(430, 'Johor', '', 'Biswas', 'M'),
(431, 'Xavier', '', 'Pena', 'M'),
(432, 'Shaun', '', 'Murphy', 'M'),
(433, 'Janavi', '', 'Sanchez', 'M'),
(434, 'Poisson', '', 'Pasta', 'M'),
(435, 'Gay', '', 'Paolo', 'M'),
(436, 'Sesky', '', 'Batista', 'M'),
(437, 'Lloyd', '', 'Muchhal', 'M'),
(438, 'Robert', '', 'Roy', 'M'),
(439, 'Matthew', '', 'Sen', 'M'),
(440, 'Robin', '', 'Basu', 'M'),
(441, 'Raven', '', 'Bose', 'M'),
(442, 'Tiyush', '', 'Bhaduri', 'M'),
(443, 'Palu', '', 'Ghosal', 'M'),
(444, 'Sassy', '', 'Hathi', 'M'),
(445, 'Illiad', '', 'Gada', 'M'),
(446, 'Judia', '', 'Patrakar', 'M'),
(447, 'Damier', '', 'Laden', 'M'),
(448, 'Shahid', '', 'Obama', 'M'),
(449, 'Tanvir', '', 'Zubaid', 'M'),
(450, 'Ranveer', '', 'Smith', 'F'),
(451, 'Badshah', '', 'Smith', 'M'),
(452, 'Joùse', '', 'Ohm', 'F'),
(453, 'Pinku', '', 'Watt', 'M'),
(454, 'Bubai', '', 'Tesla', 'F'),
(455, 'Aveek', '', 'Hitchkok', 'M'),
(456, 'Abhijit', '', 'Drogba', 'M'),
(457, 'Abhishek', '', 'Juan', 'M'),
(458, 'John', '', 'Ramirez', 'F'),
(459, 'Shahrukh', '', 'Mama', 'M'),
(460, 'Sunn', '', 'Kaka', 'F'),
(461, 'Meridian', '', 'Choudhary', 'M'),
(462, 'Nikolai', '', 'Banerjee ', 'M'),
(463, 'Maduro', '', 'Bachhan', 'M'),
(464, 'Yemma', '', 'Abraham', 'F'),
(465, 'Johor', '', 'Khan', 'M'),
(466, 'Xavier', '', 'Kapoor', 'F'),
(467, 'Alhamdulillah', '', 'Shoaib', 'M'),
(468, 'Janavi', '', 'Singh', 'F'),
(469, 'Poisson', '', 'Patel', 'M'),
(470, 'Gay', '', 'Kaha', 'F'),
(471, 'Sesky', '', 'Karoon', 'M'),
(472, 'Lloyd', '', 'Najao', 'F'),
(473, 'Robert', '', 'Yedil', 'M'),
(474, 'Matthew', '', 'Nahil', 'M'),
(475, 'Robin', '', 'Jha', 'M'),
(476, 'Raven', '', 'Sanchez', 'F'),
(477, 'Tiyush', '', 'Pasta', 'M'),
(478, 'Piu', '', 'Paolo', 'F'),
(479, 'Sassy', '', 'Batista', 'M'),
(480, 'Illiad', '', 'Muchhal', 'F'),
(481, 'Judia', '', 'Roy', 'M'),
(482, 'Jamie', '', 'Sen', 'F'),
(483, 'Shahid', '', 'Khan', 'M'),
(484, 'Tanvir', '', 'Bose', 'F'),
(485, 'Ranveer', '', 'Bhaduri', 'M'),
(486, 'Badshah', '', 'Ghosal', 'F'),
(487, 'Joùse', '', 'Hathi', 'M'),
(488, 'Cersie', '', 'Lannister', 'F'),
(489, 'Bubai', '', 'Patrakar', 'M'),
(490, 'Aveek', '', 'Laden', 'F'),
(491, 'Abhijit', '', 'Obama', 'M'),
(492, 'Abhishek', '', 'Clinton', 'F'),
(493, 'John', '', 'Smith', 'M'),
(494, 'Shahrukh', '', 'Escobar', 'M'),
(495, 'Sunn', '', 'Cabello', 'M'),
(496, 'Meridian', '', 'Carillo', 'F'),
(497, 'Nikolai', '', 'Sanchez', 'M'),
(498, 'Madira', '', 'Biswas', 'F'),
(499, 'Yemma', '', 'Bhardwaj', 'M'),
(500, 'Jinnia', '', 'Verma', 'F');

-- --------------------------------------------------------

--
-- Table structure for table `person_1`
--

CREATE TABLE `person_1` (
  `PersonID` int(11) NOT NULL,
  `FirstName` varchar(50) NOT NULL,
  `MiddleName` varchar(50) NOT NULL,
  `LastName` varchar(50) NOT NULL,
  `Gender` varchar(1) NOT NULL
) ENGINE=InnoDB DEFAULT CHARSET=utf8mb4;

--
-- Dumping data for table `person_1`
--

INSERT INTO `person_1` (`PersonID`, `FirstName`, `MiddleName`, `LastName`, `Gender`) VALUES
(1, 'Aritra', 'Kumar', 'Das', 'M'),
(2, 'Binay', 'Ranjan', 'Seth', 'M'),
(3, 'Athin', '', 'Ray', 'M'),
(4, 'Abhijit', '', 'Pal', 'M'),
(5, 'Mohammad', '', 'Iqbal', 'M'),
(6, 'Jaspreet', '', 'Singh', 'M'),
(7, 'Tiyasha ', '', 'Dey', 'F'),
(8, 'Gustavo ', '', 'Gaviria', 'M'),
(9, 'Ashutosh', '', 'Kumar', 'M'),
(10, 'Paritosh', '', 'Acharya', 'M'),
(11, 'Vinay', 'Prashant', 'Tamang', 'M'),
(12, 'Ajit', '', 'Agarwal', 'M'),
(13, 'Sachin', 'Lal', 'Bore', 'M'),
(14, 'Rajat', '', 'Prasad', 'M'),
(15, 'Nazreen', '', 'Sultana', 'F'),
(16, 'Ajit', 'Kumar', 'Ray', 'M'),
(17, 'Animesh', '', 'Paul', 'M'),
(18, 'Rakesh', '', 'Agarwal', 'M'),
(19, 'Preeti', '', 'Kapoor', 'F'),
(20, 'Pranjoli', '', 'Das', 'F'),
(21, 'Arif', '', 'Khan', 'M'),
(22, 'John', 'William', 'Samuels', 'M'),
(23, 'Joseph', '', 'Bale', 'M'),
(24, 'Prakash', '', 'Jha', 'M'),
(25, 'Binita', '', 'Banerjee', 'F'),
(26, 'Arindam', '', 'Chatterjee', 'M'),
(27, 'Vinay', '', 'Prasad', 'M'),
(28, 'Gobinda', '', 'Pawar', 'M'),
(29, 'Akito', '', 'Pzeswang', 'M'),
(30, 'Amrita', '', 'Biswas', 'F'),
(31, 'Parul', '', 'Shanti', 'F'),
(32, 'Asit', '', 'Lal', 'M'),
(33, 'Pramila', 'Deb', 'Roy', 'F'),
(34, 'Debosmita', '', 'Mukherjee', 'F'),
(35, 'Anindya', '', 'Mondal', 'M'),
(36, 'Rajarshi', '', 'Mondal', 'M'),
(37, 'Shinjini', '', 'Palit', 'F'),
(38, 'Mainak', '', 'Das', 'M'),
(39, 'Jhilik', '', 'Bhuiya', 'F'),
(40, 'Johor', '', 'Dasgupta', 'M'),
(41, 'Emilia', '', 'Hans', 'F'),
(42, 'Asmita', '', 'Sen', 'F'),
(43, 'Elon', '', 'Musk', 'M'),
(44, 'Bill', '', 'Gates', 'M'),
(45, 'Steve', '', 'Jobs', 'M'),
(46, 'Jeff', '', 'Bezos', 'M'),
(47, 'Pakhi', '', 'Sengupta', 'F'),
(48, 'Shamshad', '', 'Khatun', 'F'),
(49, 'Alivia', '', 'De', 'F'),
(50, 'Dimple', '', 'Kapadia', 'F'),
(51, 'Akshay', '', 'Kumar', 'M'),
(52, 'Deepa', '', 'Modi', 'F'),
(53, 'Dashrath', '', 'Choudhary', 'M'),
(54, 'Yaseen', '', 'Malik', 'M'),
(55, 'Kalu', '', 'Dalit', 'M'),
(56, 'Golu', '', 'Pandit', 'M'),
(57, 'Prasenjit', '', 'Singh', 'M'),
(58, 'Alivia', '', 'Ghising', 'F'),
(59, 'Alokananda', '', 'Biswas', 'F'),
(60, 'Akriti', '', 'Bhattacharyya', 'F'),
(61, 'Deepak', '', 'Adhikary', 'M'),
(62, 'Apratim', '', 'Majhi', 'M'),
(63, 'Anshu', '', 'Gupta', 'M'),
(64, 'Ashutosh', '', 'Borwankar', 'M'),
(65, 'Mehul', '', 'Chowksi', 'M'),
(66, 'Meher', '', 'Sheikh', 'F'),
(67, 'Sumaira', '', 'Sheikh', 'F'),
(68, 'Khaleed', '', 'Zaveri', 'M'),
(69, 'Alokananda', '', 'Mangal', 'M'),
(70, 'Hoshiyar', '', 'Sharma', 'M'),
(71, 'Imandar', '', 'Sharma', 'M'),
(72, 'Venugopal', '', 'Rao', 'M'),
(73, 'Tim', '', 'Southee', 'M'),
(74, 'Javed', '', 'Miandad', 'M'),
(75, 'Joy', 'Deb', 'Mallick', 'M'),
(76, 'Jaya', '', 'Ehsan', 'F'),
(77, 'Ashish', '', 'Chandani', 'M'),
(78, 'Bhola', '', 'Biswas', 'M'),
(79, 'Simran', '', 'Jha', 'F'),
(80, 'Jhilik', '', 'Santra', 'F'),
(81, 'Anindya', 'Kumar', 'Chatterjee', 'M'),
(82, 'Asad', '', 'Karim', 'M'),
(83, 'Nauman', '', 'Sheikh', 'F'),
(84, 'Zheng', 'Ding', 'Lao', 'M'),
(85, 'Shaheer', '', 'Ashraf', 'M'),
(86, 'Nourin', '', 'Zamal', 'F'),
(87, 'Vinayi', '', 'Gour', 'F'),
(88, 'Gopalika', '', 'Krishnan', 'F'),
(89, 'Komolika', '', 'Tudu', 'F'),
(90, 'Sangeeta', '', 'Hansda', 'F'),
(91, 'Parvati', '', 'Kumari', 'F'),
(92, 'Arzoo', '', 'Khan', 'F'),
(93, 'Mark', '', 'Zuckerberg', 'M'),
(94, 'Allahu', '', 'Akbar', 'M'),
(95, 'Jaya', 'Shree', 'Ram', 'F'),
(96, 'Alivia', '', 'Pinky', 'F'),
(97, 'Salman', 'Al', 'Saud', 'M'),
(98, 'Salman', '', 'Khan', 'M'),
(99, 'Lin', '', 'Niao', 'M'),
(100, 'Kamsing', '', 'Samson', 'M'),
(101, 'Noguen', '', 'Jose', 'F'),
(102, 'Jasveer', '', 'Vignesh', 'F'),
(103, 'Manthan', '', 'Pran', 'M'),
(104, 'Ashia', '', 'Fish', 'F'),
(105, 'Alicia', '', 'Goldie', 'F'),
(106, 'Aliki', '', 'Atulkar', 'F'),
(107, 'Ausho', '', 'Jaid', 'F'),
(108, 'Sassie', '', 'Sebastian', 'F'),
(109, 'Sedie', '', 'Sebastian', 'F'),
(110, 'Ajitesh', '', 'Nayabaz', 'M'),
(111, 'Pupu', '', 'Chatterjee', 'M'),
(112, 'Saoond', '', 'Sivam', 'M'),
(113, 'Dolika', '', 'Sethia', 'F'),
(114, 'Avaam', '', 'Singh', 'M'),
(115, 'Ayan', '', 'Shivam', 'M'),
(116, 'Alpitam', '', 'Banik', 'M'),
(117, 'Sadashiv', '', 'Alam', 'M'),
(118, 'Shazam', '', 'Saudhgar', 'M'),
(119, 'Isaac', '', 'Asimov', 'M'),
(120, 'Ilias', 'Grey', 'Eugeny', 'M'),
(121, 'Elphinstone', '', 'Jefferson', 'M'),
(122, 'Alpha', '', 'Male', 'M'),
(123, 'Sourojit', '', 'Sharmah', 'M'),
(124, 'Vikas', 'Mohan', 'Verma', 'M'),
(125, 'Surjit', 'Singh', 'Ahluwalia', 'M'),
(126, 'Manmohan', '', 'SIngh', 'M'),
(127, 'Amol', '', 'Palkar', 'M'),
(128, 'Nirmal', '', 'Dakiya', 'M'),
(129, 'Didier', '', 'Jihadi', 'M'),
(130, 'Jonas', '', 'Jode', 'M'),
(131, 'Janice', '', 'Jode', 'F'),
(132, 'Laikam', '', 'Kiran', 'M'),
(133, 'Jayesh', '', 'Like', 'M'),
(134, 'Narendra', 'Damodardas', 'Modi', 'M'),
(135, 'Jaanu', '', 'Shona', 'M'),
(136, 'Amol', '', 'Parrikar', 'M'),
(137, 'Alok', '', 'Alamgir', 'M'),
(138, 'Pee', 'Vee', 'Sindhu', 'F'),
(139, 'Sania', '', 'Mirza', 'F'),
(140, 'Eugeny', '', 'Bouchard', 'F'),
(141, 'Alikee', '', 'Jasmine', 'F'),
(142, 'Priyanka', 'Gandhi', 'Vadra', 'F'),
(143, 'Sonia', '', 'Gandhi', 'F'),
(144, 'Neeti', '', 'Mohan', 'F'),
(145, 'Shanice', '', 'Shrestha', 'F'),
(146, 'Sonia', '', 'Modi', 'F'),
(147, 'Neeti', '', 'Shah', 'F'),
(148, 'Shanice', '', 'Sharma', 'F'),
(149, 'Sonia', '', 'Joshi', 'F'),
(150, 'Neeti', '', 'Modi', 'F'),
(151, 'Shanice', '', 'Shah', 'F'),
(152, 'Sonia', '', 'Sharma', 'F'),
(153, 'Neeti', '', 'Joshi', 'F'),
(154, 'Shanice', '', 'Verma', 'F'),
(155, 'Sonia', '', 'Sarabai', 'F'),
(156, 'Neeti', '', 'Sarkar', 'F'),
(157, 'Shanice', '', 'Gowda', 'F'),
(158, 'Sahi', '', 'Bata', 'F'),
(159, 'Djakstra', '', 'Aizawl', 'F'),
(160, 'Nirmala', '', 'Sitaraman', 'F'),
(161, 'Bimala', '', 'Pollikar', 'F'),
(162, 'Smriti', 'Zubin', 'Irani', 'F'),
(163, 'Naina', '', 'Chatuvedi', 'F'),
(164, 'Nancy', '', 'Drew', 'F'),
(165, 'Nirmala', '', 'Priya', 'F'),
(166, 'Augustus', '', 'January', 'M'),
(167, 'Aiyo', '', 'Rama', 'M'),
(168, 'Mini', '', 'Ayub', 'M'),
(169, 'Maxi', '', 'Ayub', 'M'),
(170, 'Alka', '', 'Yagnik', 'F'),
(171, 'Vinita', '', 'Sadhu', 'F'),
(172, 'Harshita', '', 'Sandhu', 'F'),
(173, 'Alka', '', 'Das', 'F'),
(174, 'Vinita', 'Vibhash', 'Roy', 'F'),
(175, 'Harshita', '', 'Dasgupta', 'F'),
(176, 'Alka', '', 'Sengupta', 'F'),
(177, 'Vinita', '', 'Ghosh', 'F'),
(178, 'Harshita', '', 'Punia', 'F'),
(179, 'Alka', '', 'Dwivedi', 'F'),
(180, 'Vinita', '', 'Ghosh', 'F'),
(181, 'Harshita', '', 'Punia', 'F'),
(182, 'Visakha', '', 'Dwivedi', 'F'),
(183, 'Patila', '', 'Ghosh', 'F'),
(184, 'Pronamika', '', 'Punia', 'F'),
(185, 'Atika', '', 'Dwivedi', 'F'),
(186, 'Lakona', '', 'Mahato', 'F'),
(187, 'Arpit', '', 'Panda', 'M'),
(188, 'Nilava', '', 'Das', 'M'),
(189, 'Neelav', '', 'Raj', 'M'),
(190, 'Arpit', '', 'Mahta', 'M'),
(191, 'Nilava', '', 'Badalia', 'M'),
(192, 'Neelav', '', 'Jain', 'M'),
(193, 'Arpit', '', 'Bararia', 'M'),
(194, 'Nilava', '', 'Ganesh', 'M'),
(195, 'Budhaditya', '', 'Raj', 'M'),
(196, 'Animesh', 'Vishal', 'Mahta', 'M'),
(197, 'Swagatam', '', 'Badalia', 'M'),
(198, 'Rishabh', '', 'Jain', 'M'),
(199, 'Agnik', '', 'Bararia', 'M'),
(200, 'Arpita', '', 'Mallick', 'F'),
(201, 'Anamika', '', 'Mehul', 'F'),
(202, 'Anomaly', '', 'Girl', 'F'),
(203, 'Tulika', '', 'Tulsi', 'F'),
(204, 'Chahat', '', 'Chahal', 'F'),
(205, 'Paroma', '', 'Banerjee', 'F'),
(206, 'Sankar', 'Nath', 'Dutta', 'M'),
(207, 'Sonali', '', 'Bendre', 'F'),
(208, 'Atul', '', 'Kumaran', 'M'),
(209, 'Avik', '', 'Ghose', 'M'),
(210, 'Aishik', '', 'Datta', 'M'),
(211, 'Dhananjoy', '', 'Dey', 'M'),
(212, 'Dhana', '', 'Nanda', 'M'),
(213, 'Alisia', '', 'Noel', 'F'),
(214, 'Christian', '', 'Bale', 'M'),
(215, 'Thanos', '', 'Kumar', 'M'),
(216, 'Rishabh', '', 'Ajay', 'M'),
(217, 'The', '', 'Joker', 'M'),
(218, 'Sachin', '', 'Tendulkar', 'M'),
(219, 'Sourav', '', 'Ganguly', 'M'),
(220, 'Virender', '', 'Sehwag', 'M'),
(221, 'Ajitesh', '', 'Agarkar', 'M'),
(222, 'Ishant', '', 'Sharma', 'M'),
(223, 'Ravi', '', 'Shastri', 'M'),
(224, 'Virat', '', 'Kohli', 'M'),
(225, 'VVS', '', 'Laxman', 'M'),
(226, 'Ajay', '', 'Jadeja', 'M'),
(227, 'Paroma', '', 'Anand', 'F'),
(228, 'Vinayi', '', 'Shastri', 'F'),
(229, 'Ajitesh', '', 'Kundu', 'M'),
(230, 'Cristiano', '', 'Ronaldo', 'M'),
(231, 'Robin', 'Van', 'Persie', 'M'),
(232, 'Christopher', '', 'Columbus', 'M'),
(233, 'Donald', '', 'Trump', 'M'),
(234, 'HIllary', '', 'Clinton', 'F'),
(235, 'Lewis', '', 'Hamilton', 'M'),
(236, 'Narendra', '', 'Modi', 'M'),
(237, 'Rajnath', '', 'Singh', 'M'),
(238, 'Pablo', 'Emilio', 'Escobar', 'M'),
(239, 'Tata', '', 'Escobar', 'F'),
(240, 'Hermilda', '', 'Escobar', 'F'),
(241, 'Juan', 'Emilio', 'Escobar', 'M'),
(242, 'Camila', '', 'Cabello', 'F'),
(243, 'Colonel', '', 'Carillo', 'M'),
(244, 'Juan', '', 'Sanchez', 'M'),
(245, 'Raghab', '', 'Biswas', 'M'),
(246, 'Paridhi', '', 'Bhardwaj', 'F'),
(247, 'Atul', 'Anand', 'Jha', 'M'),
(248, 'Hugo', '', 'Sanchez', 'M'),
(249, 'Alfredo', '', 'Pasta', 'M'),
(250, 'Jomio', '', 'Paolo', 'M'),
(251, 'Guaido', '', 'Batista', 'M'),
(252, 'Palak', '', 'Muchhal', 'F'),
(253, 'Koolie', '', 'Roy', 'M'),
(254, 'Jivan', '', 'Sen', 'M'),
(255, 'Sangram', '', 'Basu', 'M'),
(256, 'Biplab', '', 'Bose', 'M'),
(257, 'Anirban', '', 'Bhaduri', 'M'),
(258, 'Ritwik', '', 'Ghosal', 'M'),
(259, 'Hansraj', '', 'Hathi', 'M'),
(260, 'Jethalal', '', 'Gada', 'M'),
(261, 'Popatlal', '', 'Patrakar', 'M'),
(262, 'Bin', '', 'Laden', 'M'),
(263, 'Barack', '', 'Obama', 'M'),
(264, 'Bill', '', 'Clinton', 'M'),
(265, 'William', '', 'Smith', 'M'),
(266, 'Koolie', '', 'Escobar', 'M'),
(267, 'Jivan', '', 'Cabello', 'M'),
(268, 'Sangram', '', 'Carillo', 'M'),
(269, 'Biplab', '', 'Sanchez', 'M'),
(270, 'Anirban', '', 'Biswas', 'M'),
(271, 'Ritwik', '', 'Bhardwaj', 'M'),
(272, 'Hansraj', '', 'Jha', 'M'),
(273, 'Jethalal', '', 'Sanchez', 'M'),
(274, 'Popatlal', '', 'Pasta', 'M'),
(275, 'Jodie', '', 'Paolo', 'F'),
(276, 'Barack', '', 'Batista', 'M'),
(277, 'Bill', '', 'Muchhal', 'M'),
(278, 'William', '', 'Roy', 'M'),
(279, 'Koolie', '', 'Sen', 'M'),
(280, 'Jivan', '', 'Basu', 'M'),
(281, 'Sangram', '', 'Bose', 'M'),
(282, 'Biplab', '', 'Bhaduri', 'M'),
(283, 'Anirban', '', 'Ghosal', 'M'),
(284, 'Ritwik', '', 'Hathi', 'M'),
(285, 'Hansraj', '', 'Gada', 'M'),
(286, 'Jethalal', '', 'Patrakar', 'M'),
(287, 'Popatlal', '', 'Laden', 'M'),
(288, 'Bin', '', 'Obama', 'M'),
(289, 'Barack', '', 'Clinton', 'M'),
(290, 'Bill', '', 'Smith', 'M'),
(291, 'Will', '', 'Smith', 'M'),
(292, 'Jinny', '', 'Ohm', 'M'),
(293, 'Johny', '', 'Watt', 'M'),
(294, 'Nicola', '', 'Tesla', 'M'),
(295, 'Alfred', '', 'Hitchkok', 'M'),
(296, 'Didier', '', 'Drogba', 'M'),
(297, 'Martinez', '', 'Juan', 'M'),
(298, 'Joùse', '', 'Ramirez', 'M'),
(299, 'Pinku', '', 'Mama', 'M'),
(300, 'Bubai', '', 'Kaka', 'M'),
(301, 'Aveek', '', 'Choudhary', 'M'),
(302, 'Abhijit', '', 'Banerjee ', 'M'),
(303, 'Abhishek', '', 'Bachhan', 'M'),
(304, 'John', '', 'Abraham', 'M'),
(305, 'Shahrukh', '', 'Khan', 'M'),
(306, 'Shahid', '', 'Kapoor', 'M'),
(307, 'Tanvir', '', 'Shoaib', 'M'),
(308, 'Ranveer', '', 'Singh', 'M'),
(309, 'Badshah', '', 'Patel', 'M'),
(310, 'Maine', '', 'Kaha', 'M'),
(311, 'Kya', '', 'Karoon', 'M'),
(312, 'Abhi', '', 'Najao', 'M'),
(313, 'Chhorke', '', 'Yedil', 'M'),
(314, 'Abhibhara', '', 'Nahi', 'M'),
(315, 'Will', '', 'Jha', 'M'),
(316, 'Jinny', '', 'Sanchez', 'M'),
(317, 'Johny', '', 'Pasta', 'M'),
(318, 'Nicola', '', 'Paolo', 'M'),
(319, 'Alfred', '', 'Batista', 'M'),
(320, 'Didier', '', 'Muchhal', 'M'),
(321, 'Martinez', '', 'Roy', 'M'),
(322, 'Joùse', '', 'Sen', 'M'),
(323, 'Pinku', '', 'Basu', 'M'),
(324, 'Bubai', '', 'Bose', 'M'),
(325, 'Aveek', '', 'Bhaduri', 'M'),
(326, 'Abhijit', '', 'Ghosal', 'M'),
(327, 'Abhishek', '', 'Hathi', 'M'),
(328, 'John', '', 'Gada', 'M'),
(329, 'Shahrukh', '', 'Patrakar', 'M'),
(330, 'Shahid', '', 'Laden', 'M'),
(331, 'Tanvir', '', 'Obama', 'M'),
(332, 'Ranveer', '', 'Clinton', 'M'),
(333, 'Badshah', '', 'Smith', 'M'),
(334, 'Maine', '', 'Escobar', 'M'),
(335, 'Kya', '', 'Cabello', 'M'),
(336, 'Abhi', '', 'Carillo', 'M'),
(337, 'Chhorke', '', 'Sanchez', 'M'),
(338, 'Abhibhara', '', 'Biswas', 'M'),
(339, 'Will', '', 'Bhardwaj', 'M'),
(340, 'Jinny', '', 'Jha', 'M'),
(341, 'Johny', '', 'Sanchez', 'M'),
(342, 'Nicola', '', 'Pasta', 'M'),
(343, 'Alfred', '', 'Paolo', 'M'),
(344, 'Didier', '', 'Batista', 'M'),
(345, 'Martinez', '', 'Muchhal', 'M'),
(346, 'Joùse', '', 'Roy', 'M'),
(347, 'Pinku', '', 'Sen', 'M'),
(348, 'Bubai', '', 'Basu', 'M'),
(349, 'Aveek', '', 'Bose', 'M'),
(350, 'Abhijit', '', 'Bhaduri', 'M'),
(351, 'Abhishek', '', 'Ghosal', 'M'),
(352, 'John', '', 'Hathi', 'M'),
(353, 'Shahrukh', '', 'Gada', 'M'),
(354, 'Shahid', '', 'Patrakar', 'M'),
(355, 'Tanvir', '', 'Laden', 'M'),
(356, 'Ranveer', '', 'Obama', 'M'),
(357, 'Badshah', '', 'Clinton', 'M'),
(358, 'Maine', '', 'Smith', 'M'),
(359, 'Kya', '', 'Smith', 'M'),
(360, 'Abhi', '', 'Ohm', 'M'),
(361, 'Chhorke', '', 'Watt', 'M'),
(362, 'Abhibhara', '', 'Tesla', 'M'),
(363, 'Will', '', 'Hitchkok', 'M'),
(364, 'Jinny', '', 'Drogba', 'M'),
(365, 'Johny', '', 'Juan', 'M'),
(366, 'Nicola', '', 'Ramirez', 'M'),
(367, 'Alfred', '', 'Mama', 'M'),
(368, 'Didier', '', 'Kaka', 'M'),
(369, 'Martinez', '', 'Choudhary', 'M'),
(370, 'Joùse', '', 'Banerjee ', 'M'),
(371, 'Pinku', '', 'Bachhan', 'M'),
(372, 'Bubai', '', 'Abraham', 'M'),
(373, 'Aveek', '', 'Khan', 'M'),
(374, 'Abhijit', '', 'Kapoor', 'M'),
(375, 'Abhishek', '', 'Shoaib', 'M'),
(376, 'John', '', 'Singh', 'M'),
(377, 'Shahrukh', '', 'Patel', 'M'),
(378, 'Sunn', '', 'Kaha', 'M'),
(379, 'Meridian', '', 'Karoon', 'F'),
(380, 'Nikolai', '', 'Najao', 'M'),
(381, 'Maduro', '', 'Yedil', 'M'),
(382, 'Yemma', '', 'Nahi', 'M'),
(383, 'Johor', '', 'Jha', 'M'),
(384, 'Xavier', '', 'Sanchez', 'M'),
(385, 'Alhamdulillah', '', 'Astaghfirullah', 'M'),
(386, 'Janavi', '', 'Jana', 'M'),
(387, 'Poisson', '', 'Distribution ', 'M'),
(388, 'Gay', '', 'Lussac', 'M'),
(389, 'Sesky', '', 'Lily', 'M'),
(390, 'Lloyd', '', 'Clive', 'M'),
(391, 'Robert', '', 'Peterson', 'M'),
(392, 'Matthew', '', 'Gaugh', 'M'),
(393, 'Robin', 'Van', 'Persie', 'M'),
(394, 'Raven', '', 'Revathi', 'M'),
(395, 'Tiyush', '', 'Pal', 'M'),
(396, 'Palu', '', 'Naija', 'M'),
(397, 'Sassy', '', 'Sanchit', 'M'),
(398, 'Illiad', '', 'Odyssey', 'M'),
(399, 'Judia', '', 'Alvarez', 'M'),
(400, 'Damier', '', 'Derozio', 'M'),
(401, 'Shahid', '', 'Escobar', 'M'),
(402, 'Tanvir', '', 'Cabello', 'M'),
(403, 'Ranveer', '', 'Carillo', 'M'),
(404, 'Badshah', '', 'Sanchez', 'M'),
(405, 'Maine', '', 'Biswas', 'M'),
(406, 'Kya', '', 'Bhardwaj', 'M'),
(407, 'Abhi', '', 'Jha', 'M'),
(408, 'Chhorke', '', 'Sanchez', 'M'),
(409, 'Abhibhara', '', 'Pasta', 'M'),
(410, 'Will', '', 'Paolo', 'M'),
(411, 'Jinny', '', 'Batista', 'M'),
(412, 'Johny', '', 'Muchhal', 'M'),
(413, 'Nicola', '', 'Roy', 'M'),
(414, 'Alfred', '', 'Sen', 'M'),
(415, 'Didier', '', 'Basu', 'M'),
(416, 'Martinez', '', 'Bose', 'M'),
(417, 'Joùse', '', 'Bhaduri', 'M'),
(418, 'Pinku', '', 'Ghosal', 'M'),
(419, 'Bubai', '', 'Hathi', 'M'),
(420, 'Aveek', '', 'Gada', 'M'),
(421, 'Abhijit', '', 'Patrakar', 'M'),
(422, 'Abhishek', '', 'Laden', 'M'),
(423, 'John', '', 'Obama', 'M'),
(424, 'Shahrukh', '', 'Clinton', 'M'),
(425, 'Sunn', '', 'Smith', 'M'),
(426, 'Meridian', '', 'Escobar', 'M'),
(427, 'Nikolai', '', 'Cabello', 'M'),
(428, 'Maduro', '', 'Carillo', 'M'),
(429, 'Yemma', '', 'Sanchez', 'M'),
(430, 'Johor', '', 'Biswas', 'M'),
(431, 'Xavier', '', 'Pena', 'M'),
(432, 'Shaun', '', 'Murphy', 'M'),
(433, 'Janavi', '', 'Sanchez', 'M'),
(434, 'Poisson', '', 'Pasta', 'M'),
(435, 'Gay', '', 'Paolo', 'M'),
(436, 'Sesky', '', 'Batista', 'M'),
(437, 'Lloyd', '', 'Muchhal', 'M'),
(438, 'Robert', '', 'Roy', 'M'),
(439, 'Matthew', '', 'Sen', 'M'),
(440, 'Robin', '', 'Basu', 'M'),
(441, 'Raven', '', 'Bose', 'M'),
(442, 'Tiyush', '', 'Bhaduri', 'M'),
(443, 'Palu', '', 'Ghosal', 'M'),
(444, 'Sassy', '', 'Hathi', 'M'),
(445, 'Illiad', '', 'Gada', 'M'),
(446, 'Judia', '', 'Patrakar', 'M'),
(447, 'Damier', '', 'Laden', 'M'),
(448, 'Shahid', '', 'Obama', 'M'),
(449, 'Tanvir', '', 'Zubaid', 'M'),
(450, 'Ranveer', '', 'Smith', 'F'),
(451, 'Badshah', '', 'Smith', 'M'),
(452, 'Joùse', '', 'Ohm', 'F'),
(453, 'Pinku', '', 'Watt', 'M'),
(454, 'Bubai', '', 'Tesla', 'F'),
(455, 'Aveek', '', 'Hitchkok', 'M'),
(456, 'Abhijit', '', 'Drogba', 'M'),
(457, 'Abhishek', '', 'Juan', 'M'),
(458, 'John', '', 'Ramirez', 'F'),
(459, 'Shahrukh', '', 'Mama', 'M'),
(460, 'Sunn', '', 'Kaka', 'F'),
(461, 'Meridian', '', 'Choudhary', 'M'),
(462, 'Nikolai', '', 'Banerjee ', 'M'),
(463, 'Maduro', '', 'Bachhan', 'M'),
(464, 'Yemma', '', 'Abraham', 'F'),
(465, 'Johor', '', 'Khan', 'M'),
(466, 'Xavier', '', 'Kapoor', 'F'),
(467, 'Alhamdulillah', '', 'Shoaib', 'M'),
(468, 'Janavi', '', 'Singh', 'F'),
(469, 'Poisson', '', 'Patel', 'M'),
(470, 'Gay', '', 'Kaha', 'F'),
(471, 'Sesky', '', 'Karoon', 'M'),
(472, 'Lloyd', '', 'Najao', 'F'),
(473, 'Robert', '', 'Yedil', 'M'),
(474, 'Matthew', '', 'Nahil', 'M'),
(475, 'Robin', '', 'Jha', 'M'),
(476, 'Raven', '', 'Sanchez', 'F'),
(477, 'Tiyush', '', 'Pasta', 'M'),
(478, 'Piu', '', 'Paolo', 'F'),
(479, 'Sassy', '', 'Batista', 'M'),
(480, 'Illiad', '', 'Muchhal', 'F'),
(481, 'Judia', '', 'Roy', 'M'),
(482, 'Jamie', '', 'Sen', 'F'),
(483, 'Shahid', '', 'Khan', 'M'),
(484, 'Tanvir', '', 'Bose', 'F'),
(485, 'Ranveer', '', 'Bhaduri', 'M'),
(486, 'Badshah', '', 'Ghosal', 'F'),
(487, 'Joùse', '', 'Hathi', 'M'),
(488, 'Cersie', '', 'Lannister', 'F'),
(489, 'Bubai', '', 'Patrakar', 'M'),
(490, 'Aveek', '', 'Laden', 'F'),
(491, 'Abhijit', '', 'Obama', 'M'),
(492, 'Abhishek', '', 'Clinton', 'F'),
(493, 'John', '', 'Smith', 'M'),
(494, 'Shahrukh', '', 'Escobar', 'M'),
(495, 'Sunn', '', 'Cabello', 'M'),
(496, 'Meridian', '', 'Carillo', 'F'),
(497, 'Nikolai', '', 'Sanchez', 'M'),
(498, 'Madira', '', 'Biswas', 'F'),
(499, 'Yemma', '', 'Bhardwaj', 'M'),
(500, 'Jinnia', '', 'Verma', 'F');

-- --------------------------------------------------------

--
-- Table structure for table `phone`
--

CREATE TABLE `phone` (
  `PersonID` int(11) NOT NULL,
  `PhNo` int(11) NOT NULL
) ENGINE=InnoDB DEFAULT CHARSET=utf8mb4;

--
-- Dumping data for table `phone`
--

INSERT INTO `phone` (`PersonID`, `PhNo`) VALUES
(2, 2147483647),
(3, 2147483647),
(4, 2147483647),
(6, 2147483647),
(7, 2147483647),
(9, 2147483647),
(10, 2147483647),
(11, 2147483647),
(12, 2147483647),
(14, 2147483647),
(15, 2147483647),
(16, 2147483647),
(17, 2147483647),
(18, 2147483647),
(19, 2147483647),
(21, 2147483647),
(22, 2147483647),
(23, 2147483647),
(24, 2147483647),
(25, 2147483647),
(26, 2147483647),
(27, 2147483647),
(28, 2147483647),
(29, 2147483647),
(30, 2147483647),
(31, 2147483647),
(32, 2147483647),
(33, 2147483647),
(34, 2147483647),
(35, 2147483647),
(36, 2147483647),
(37, 2147483647),
(38, 2147483647),
(39, 2147483647),
(40, 2147483647),
(41, 2147483647),
(42, 2147483647),
(43, 2147483647),
(44, 2147483647),
(45, 2147483647),
(46, 2147483647),
(47, 2147483647),
(48, 2147483647),
(49, 2147483647),
(50, 2147483647),
(51, 2147483647),
(52, 2147483647),
(53, 2147483647),
(54, 2147483647),
(55, 2147483647),
(56, 2147483647),
(57, 2147483647),
(58, 2147483647),
(59, 2147483647),
(60, 2147483647),
(61, 2147483647),
(62, 2147483647),
(63, 2147483647),
(64, 2147483647),
(65, 2147483647),
(66, 2147483647),
(67, 2147483647),
(68, 2147483647),
(69, 2147483647),
(70, 2147483647),
(71, 2147483647),
(72, 2147483647),
(73, 2147483647),
(74, 2147483647),
(75, 2147483647),
(76, 2147483647),
(77, 2147483647),
(78, 2147483647),
(79, 2147483647),
(80, 2147483647),
(81, 2147483647),
(82, 2147483647),
(83, 2147483647),
(84, 2147483647),
(85, 2147483647),
(86, 2147483647),
(87, 2147483647),
(88, 2147483647),
(89, 2147483647),
(90, 2147483647),
(91, 2147483647),
(92, 2147483647),
(93, 2147483647),
(94, 2147483647),
(95, 2147483647),
(96, 2147483647),
(97, 2147483647),
(98, 2147483647),
(99, 2147483647),
(100, 2147483647),
(101, 2147483647),
(102, 2147483647),
(103, 2147483647),
(104, 2147483647),
(105, 2147483647),
(106, 2147483647),
(107, 2147483647),
(108, 2147483647),
(109, 2147483647),
(110, 2147483647),
(111, 2147483647),
(112, 2147483647),
(113, 2147483647),
(114, 2147483647),
(115, 2147483647),
(116, 2147483647),
(117, 2147483647),
(118, 2147483647),
(119, 2147483647),
(120, 2147483647),
(121, 2147483647),
(122, 2147483647),
(123, 2147483647),
(124, 2147483647),
(125, 2147483647),
(126, 2147483647),
(126, 2147483647),
(127, 2147483647),
(127, 2147483647),
(128, 2147483647),
(129, 2147483647),
(130, 2147483647),
(131, 2147483647),
(132, 2147483647),
(133, 2147483647),
(134, 2147483647),
(135, 2147483647),
(136, 2147483647),
(137, 2147483647),
(138, 2147483647),
(139, 2147483647),
(140, 2147483647),
(141, 2147483647),
(142, 2147483647),
(143, 2147483647),
(144, 2147483647),
(145, 2147483647),
(146, 2147483647),
(147, 2147483647),
(148, 2147483647),
(149, 2147483647),
(150, 2147483647),
(151, 2147483647),
(152, 2147483647),
(153, 2147483647),
(154, 2147483647),
(155, 2147483647),
(156, 2147483647),
(157, 2147483647),
(158, 2147483647),
(159, 2147483647),
(160, 2147483647),
(161, 2147483647),
(162, 2147483647),
(163, 2147483647),
(164, 2147483647),
(165, 2147483647),
(166, 2147483647),
(167, 2147483647),
(168, 2147483647),
(169, 2147483647),
(170, 2147483647),
(171, 2147483647),
(172, 2147483647),
(173, 2147483647),
(174, 2147483647),
(175, 2147483647),
(176, 2147483647),
(177, 2147483647),
(178, 2147483647),
(179, 2147483647),
(180, 2147483647),
(181, 2147483647),
(182, 2147483647),
(183, 2147483647),
(184, 2147483647),
(185, 2147483647),
(186, 2147483647),
(187, 2147483647),
(188, 2147483647),
(189, 2147483647),
(190, 2147483647),
(191, 2147483647),
(192, 2147483647),
(193, 2147483647),
(194, 2147483647),
(195, 2147483647),
(196, 2147483647),
(197, 2147483647),
(198, 2147483647),
(199, 2147483647),
(200, 2147483647),
(201, 2147483647),
(202, 2147483647),
(203, 2147483647),
(204, 2147483647),
(205, 2147483647),
(206, 2147483647),
(207, 2147483647),
(208, 2147483647),
(209, 2147483647),
(210, 2147483647),
(211, 2147483647),
(212, 2147483647),
(213, 2147483647),
(214, 2147483647),
(215, 2147483647),
(216, 2147483647),
(217, 2147483647),
(218, 2147483647),
(219, 2147483647),
(220, 2147483647),
(221, 2147483647),
(222, 2147483647),
(223, 2147483647),
(224, 2147483647),
(225, 2147483647),
(226, 2147483647),
(227, 2147483647),
(228, 2147483647),
(229, 2147483647),
(230, 2147483647),
(231, 2147483647),
(232, 2147483647),
(233, 2147483647),
(234, 2147483647),
(235, 2147483647),
(236, 2147483647),
(237, 2147483647),
(238, 2147483647),
(239, 2147483647),
(240, 2147483647),
(241, 2147483647),
(242, 2147483647),
(243, 2147483647),
(244, 2147483647),
(245, 2147483647),
(246, 2147483647),
(247, 2147483647),
(248, 2147483647),
(249, 2147483647),
(250, 2147483647),
(251, 2147483647),
(252, 2147483647),
(253, 2147483647),
(254, 2147483647),
(255, 2147483647),
(256, 2147483647),
(257, 2147483647),
(258, 2147483647),
(259, 2147483647),
(260, 2147483647),
(261, 2147483647),
(262, 2147483647),
(263, 2147483647),
(264, 2147483647),
(265, 2147483647),
(265, 2147483647),
(265, 2147483647),
(266, 2147483647),
(267, 2147483647),
(268, 2147483647),
(269, 2147483647),
(270, 2147483647),
(271, 2147483647),
(272, 2147483647),
(273, 2147483647),
(274, 2147483647),
(275, 2147483647),
(276, 2147483647),
(277, 2147483647),
(278, 2147483647),
(279, 2147483647),
(280, 2147483647),
(281, 2147483647),
(282, 2147483647),
(283, 2147483647),
(284, 2147483647),
(285, 2147483647),
(286, 2147483647),
(287, 2147483647),
(288, 2147483647),
(289, 2147483647),
(290, 2147483647),
(291, 2147483647),
(292, 2147483647),
(293, 2147483647),
(294, 2147483647),
(295, 2147483647),
(296, 2147483647),
(297, 2147483647),
(298, 2147483647),
(299, 2147483647),
(300, 2147483647),
(301, 2147483647),
(302, 2147483647),
(303, 2147483647),
(304, 2147483647),
(305, 2147483647),
(306, 2147483647),
(307, 2147483647),
(308, 2147483647),
(309, 2147483647),
(310, 2147483647),
(311, 2147483647),
(312, 2147483647),
(313, 2147483647),
(314, 2147483647),
(315, 2147483647),
(316, 2147483647),
(317, 2147483647),
(318, 2147483647),
(319, 2147483647),
(320, 2147483647),
(321, 2147483647),
(322, 2147483647),
(323, 2147483647),
(324, 2147483647),
(325, 2147483647),
(326, 2147483647),
(327, 2147483647),
(328, 2147483647),
(329, 2147483647),
(330, 2147483647),
(331, 2147483647),
(332, 2147483647),
(333, 2147483647),
(334, 2147483647),
(335, 2147483647),
(336, 2147483647),
(337, 2147483647),
(338, 2147483647),
(339, 2147483647),
(340, 2147483647),
(341, 2147483647),
(342, 2147483647),
(343, 2147483647),
(344, 2147483647),
(345, 2147483647),
(346, 2147483647),
(347, 2147483647),
(348, 2147483647),
(349, 2147483647),
(350, 2147483647),
(351, 2147483647),
(352, 2147483647),
(353, 2147483647),
(354, 2147483647),
(355, 2147483647),
(356, 2147483647),
(357, 2147483647),
(358, 2147483647),
(359, 2147483647),
(360, 2147483647),
(361, 2147483647),
(362, 2147483647),
(363, 2147483647),
(364, 2147483647),
(365, 2147483647),
(366, 2147483647),
(367, 2147483647),
(368, 2147483647),
(369, 2147483647),
(370, 2147483647),
(371, 2147483647),
(372, 2147483647),
(373, 2147483647),
(374, 2147483647),
(375, 2147483647),
(376, 2147483647),
(377, 2147483647),
(378, 2147483647),
(379, 2147483647),
(380, 2147483647),
(381, 2147483647),
(382, 2147483647),
(383, 2147483647),
(384, 2147483647),
(385, 2147483647),
(386, 2147483647),
(387, 2147483647),
(388, 2147483647),
(389, 2147483647),
(390, 2147483647),
(391, 2147483647),
(392, 2147483647),
(393, 2147483647),
(394, 2147483647),
(395, 2147483647),
(396, 2147483647),
(397, 2147483647),
(398, 2147483647),
(399, 2147483647),
(400, 2147483647),
(401, 2147483647),
(402, 2147483647),
(403, 2147483647),
(404, 2147483647),
(405, 2147483647),
(406, 2147483647),
(407, 2147483647),
(408, 2147483647),
(409, 2147483647),
(410, 2147483647),
(411, 2147483647),
(412, 2147483647),
(413, 2147483647),
(414, 2147483647),
(415, 2147483647),
(416, 2147483647),
(417, 2147483647),
(418, 2147483647),
(419, 2147483647),
(420, 2147483647),
(421, 2147483647),
(422, 2147483647),
(423, 2147483647),
(424, 2147483647),
(425, 2147483647),
(426, 2147483647),
(427, 2147483647),
(428, 2147483647),
(429, 2147483647),
(430, 2147483647),
(431, 2147483647),
(432, 2147483647),
(433, 2147483647),
(434, 2147483647),
(435, 2147483647),
(436, 2147483647),
(437, 2147483647),
(438, 2147483647),
(439, 2147483647),
(440, 2147483647),
(441, 2147483647),
(442, 2147483647),
(443, 2147483647),
(444, 2147483647),
(445, 2147483647),
(446, 2147483647),
(447, 2147483647),
(448, 2147483647),
(449, 2147483647),
(450, 2147483647),
(451, 2147483647),
(452, 2147483647),
(453, 2147483647),
(454, 2147483647),
(454, 2147483647),
(455, 2147483647),
(456, 2147483647),
(457, 2147483647),
(458, 2147483647),
(459, 2147483647),
(460, 2147483647),
(461, 2147483647),
(462, 2147483647),
(463, 2147483647),
(464, 2147483647),
(465, 2147483647),
(466, 2147483647),
(467, 2147483647),
(468, 2147483647),
(469, 2147483647),
(470, 2147483647),
(471, 2147483647),
(472, 2147483647),
(473, 2147483647),
(474, 2147483647),
(475, 2147483647),
(476, 2147483647),
(477, 2147483647),
(478, 2147483647),
(479, 2147483647),
(480, 2147483647),
(481, 2147483647),
(482, 2147483647),
(483, 2147483647),
(484, 2147483647),
(485, 2147483647),
(486, 2147483647),
(487, 2147483647),
(488, 2147483647),
(489, 2147483647),
(490, 2147483647),
(491, 2147483647),
(492, 2147483647),
(493, 2147483647),
(494, 2147483647),
(495, 2147483647),
(496, 2147483647),
(497, 2147483647),
(498, 2147483647),
(499, 2147483647),
(500, 2147483647);

-- --------------------------------------------------------

--
-- Table structure for table `student`
--

CREATE TABLE `student` (
  `StudentID` int(11) NOT NULL,
  `PassHash` varchar(50) DEFAULT NULL,
  `PersonID` int(11) DEFAULT NULL
) ENGINE=InnoDB DEFAULT CHARSET=utf8mb4;

--
-- Dumping data for table `student`
--

INSERT INTO `student` (`StudentID`, `PassHash`, `PersonID`) VALUES
(11001, 'student', 28),
(11002, 'b4af804009cb036a4ccdc33431ef9ac9', 29),
(11003, 'b4af804009cb036a4ccdc33431ef9ac9', 30),
(11004, 'b4af804009cb036a4ccdc33431ef9ac9', 31),
(11005, 'b4af804009cb036a4ccdc33431ef9ac9', 32),
(11006, 'b4af804009cb036a4ccdc33431ef9ac9', 33),
(11007, 'b4af804009cb036a4ccdc33431ef9ac9', 34),
(11008, 'b4af804009cb036a4ccdc33431ef9ac9', 35),
(11009, 'b4af804009cb036a4ccdc33431ef9ac9', 36),
(11010, 'b4af804009cb036a4ccdc33431ef9ac9', 37),
(11011, 'b4af804009cb036a4ccdc33431ef9ac9', 38),
(11012, 'b4af804009cb036a4ccdc33431ef9ac9', 39),
(11013, 'b4af804009cb036a4ccdc33431ef9ac9', 40),
(11014, 'b4af804009cb036a4ccdc33431ef9ac9', 41),
(11015, 'b4af804009cb036a4ccdc33431ef9ac9', 42),
(11016, 'b4af804009cb036a4ccdc33431ef9ac9', 43),
(11017, 'b4af804009cb036a4ccdc33431ef9ac9', 44),
(11018, 'b4af804009cb036a4ccdc33431ef9ac9', 45),
(11019, 'b4af804009cb036a4ccdc33431ef9ac9', 46),
(11020, 'b4af804009cb036a4ccdc33431ef9ac9', 47),
(11021, 'b4af804009cb036a4ccdc33431ef9ac9', 48),
(11022, 'b4af804009cb036a4ccdc33431ef9ac9', 49),
(11023, 'b4af804009cb036a4ccdc33431ef9ac9', 50),
(11024, 'b4af804009cb036a4ccdc33431ef9ac9', 51),
(11025, 'b4af804009cb036a4ccdc33431ef9ac9', 52),
(11026, 'b4af804009cb036a4ccdc33431ef9ac9', 53),
(11027, 'b4af804009cb036a4ccdc33431ef9ac9', 54),
(11028, 'b4af804009cb036a4ccdc33431ef9ac9', 55),
(11029, 'b4af804009cb036a4ccdc33431ef9ac9', 56),
(11030, 'b4af804009cb036a4ccdc33431ef9ac9', 57),
(11031, 'b4af804009cb036a4ccdc33431ef9ac9', 58),
(11032, 'b4af804009cb036a4ccdc33431ef9ac9', 59),
(11033, 'b4af804009cb036a4ccdc33431ef9ac9', 60),
(11034, 'b4af804009cb036a4ccdc33431ef9ac9', 61),
(11035, 'b4af804009cb036a4ccdc33431ef9ac9', 62),
(11036, 'b4af804009cb036a4ccdc33431ef9ac9', 63),
(11037, 'b4af804009cb036a4ccdc33431ef9ac9', 64),
(11038, 'b4af804009cb036a4ccdc33431ef9ac9', 65),
(11039, 'b4af804009cb036a4ccdc33431ef9ac9', 66),
(11040, 'b4af804009cb036a4ccdc33431ef9ac9', 67),
(11041, 'b4af804009cb036a4ccdc33431ef9ac9', 68),
(11042, 'b4af804009cb036a4ccdc33431ef9ac9', 69),
(11043, 'b4af804009cb036a4ccdc33431ef9ac9', 70),
(11044, 'b4af804009cb036a4ccdc33431ef9ac9', 71),
(11045, 'b4af804009cb036a4ccdc33431ef9ac9', 72),
(11046, 'b4af804009cb036a4ccdc33431ef9ac9', 73),
(11047, 'b4af804009cb036a4ccdc33431ef9ac9', 74),
(11048, 'b4af804009cb036a4ccdc33431ef9ac9', 75),
(11049, 'b4af804009cb036a4ccdc33431ef9ac9', 76),
(11050, 'b4af804009cb036a4ccdc33431ef9ac9', 77),
(11051, 'b4af804009cb036a4ccdc33431ef9ac9', 78),
(12001, 'b4af804009cb036a4ccdc33431ef9ac9', 79),
(12002, 'b4af804009cb036a4ccdc33431ef9ac9', 80),
(12003, 'b4af804009cb036a4ccdc33431ef9ac9', 81),
(12004, 'b4af804009cb036a4ccdc33431ef9ac9', 82),
(12005, 'b4af804009cb036a4ccdc33431ef9ac9', 83),
(12006, 'b4af804009cb036a4ccdc33431ef9ac9', 84),
(12007, 'b4af804009cb036a4ccdc33431ef9ac9', 85),
(12008, 'b4af804009cb036a4ccdc33431ef9ac9', 86),
(12009, 'b4af804009cb036a4ccdc33431ef9ac9', 87),
(12010, 'b4af804009cb036a4ccdc33431ef9ac9', 88),
(12011, 'b4af804009cb036a4ccdc33431ef9ac9', 89),
(12012, 'b4af804009cb036a4ccdc33431ef9ac9', 90),
(12013, 'b4af804009cb036a4ccdc33431ef9ac9', 91),
(12014, 'b4af804009cb036a4ccdc33431ef9ac9', 92),
(12015, 'b4af804009cb036a4ccdc33431ef9ac9', 93),
(12016, 'b4af804009cb036a4ccdc33431ef9ac9', 94),
(12017, 'b4af804009cb036a4ccdc33431ef9ac9', 95),
(12018, 'b4af804009cb036a4ccdc33431ef9ac9', 96),
(12019, 'b4af804009cb036a4ccdc33431ef9ac9', 97),
(12020, 'b4af804009cb036a4ccdc33431ef9ac9', 98),
(12021, 'b4af804009cb036a4ccdc33431ef9ac9', 99),
(12022, 'b4af804009cb036a4ccdc33431ef9ac9', 100),
(12023, 'b4af804009cb036a4ccdc33431ef9ac9', 101),
(12024, 'b4af804009cb036a4ccdc33431ef9ac9', 102),
(12025, 'b4af804009cb036a4ccdc33431ef9ac9', 103),
(12026, 'b4af804009cb036a4ccdc33431ef9ac9', 104),
(12027, 'b4af804009cb036a4ccdc33431ef9ac9', 105),
(12028, 'b4af804009cb036a4ccdc33431ef9ac9', 106),
(12029, 'b4af804009cb036a4ccdc33431ef9ac9', 107),
(12030, 'b4af804009cb036a4ccdc33431ef9ac9', 108),
(12031, 'b4af804009cb036a4ccdc33431ef9ac9', 109),
(12032, 'b4af804009cb036a4ccdc33431ef9ac9', 110),
(12033, 'b4af804009cb036a4ccdc33431ef9ac9', 111),
(12034, 'b4af804009cb036a4ccdc33431ef9ac9', 112),
(12035, 'b4af804009cb036a4ccdc33431ef9ac9', 113),
(12036, 'b4af804009cb036a4ccdc33431ef9ac9', 114),
(12037, 'b4af804009cb036a4ccdc33431ef9ac9', 115),
(12038, 'b4af804009cb036a4ccdc33431ef9ac9', 116),
(12039, 'b4af804009cb036a4ccdc33431ef9ac9', 117),
(12040, 'b4af804009cb036a4ccdc33431ef9ac9', 118),
(12041, 'b4af804009cb036a4ccdc33431ef9ac9', 119),
(12042, 'b4af804009cb036a4ccdc33431ef9ac9', 120),
(12043, 'b4af804009cb036a4ccdc33431ef9ac9', 121),
(12044, 'b4af804009cb036a4ccdc33431ef9ac9', 122),
(12045, 'b4af804009cb036a4ccdc33431ef9ac9', 123),
(12046, 'b4af804009cb036a4ccdc33431ef9ac9', 124),
(12047, 'b4af804009cb036a4ccdc33431ef9ac9', 125),
(12048, 'b4af804009cb036a4ccdc33431ef9ac9', 126),
(12049, 'b4af804009cb036a4ccdc33431ef9ac9', 127),
(12050, 'b4af804009cb036a4ccdc33431ef9ac9', 128),
(12051, 'b4af804009cb036a4ccdc33431ef9ac9', 129),
(12052, 'b4af804009cb036a4ccdc33431ef9ac9', 130),
(12053, 'b4af804009cb036a4ccdc33431ef9ac9', 131),
(12054, 'b4af804009cb036a4ccdc33431ef9ac9', 132),
(12055, 'b4af804009cb036a4ccdc33431ef9ac9', 133),
(12056, 'b4af804009cb036a4ccdc33431ef9ac9', 134),
(12057, 'b4af804009cb036a4ccdc33431ef9ac9', 135),
(12058, 'b4af804009cb036a4ccdc33431ef9ac9', 136),
(12059, 'b4af804009cb036a4ccdc33431ef9ac9', 137),
(12060, 'b4af804009cb036a4ccdc33431ef9ac9', 138),
(13001, 'b4af804009cb036a4ccdc33431ef9ac9', 139),
(13002, 'b4af804009cb036a4ccdc33431ef9ac9', 140),
(13003, 'b4af804009cb036a4ccdc33431ef9ac9', 141),
(13004, 'b4af804009cb036a4ccdc33431ef9ac9', 142),
(13005, 'b4af804009cb036a4ccdc33431ef9ac9', 143),
(13006, 'b4af804009cb036a4ccdc33431ef9ac9', 144),
(13007, 'b4af804009cb036a4ccdc33431ef9ac9', 145),
(13008, 'b4af804009cb036a4ccdc33431ef9ac9', 146),
(13009, 'b4af804009cb036a4ccdc33431ef9ac9', 147),
(13010, 'b4af804009cb036a4ccdc33431ef9ac9', 148),
(13011, 'b4af804009cb036a4ccdc33431ef9ac9', 149),
(13012, 'b4af804009cb036a4ccdc33431ef9ac9', 150),
(13013, 'b4af804009cb036a4ccdc33431ef9ac9', 151),
(13014, 'b4af804009cb036a4ccdc33431ef9ac9', 152),
(13015, 'b4af804009cb036a4ccdc33431ef9ac9', 153),
(13016, 'b4af804009cb036a4ccdc33431ef9ac9', 154),
(13017, 'b4af804009cb036a4ccdc33431ef9ac9', 155),
(13018, 'b4af804009cb036a4ccdc33431ef9ac9', 156),
(13019, 'b4af804009cb036a4ccdc33431ef9ac9', 157),
(13020, 'b4af804009cb036a4ccdc33431ef9ac9', 158),
(13021, 'b4af804009cb036a4ccdc33431ef9ac9', 159),
(13022, 'b4af804009cb036a4ccdc33431ef9ac9', 160),
(13023, 'b4af804009cb036a4ccdc33431ef9ac9', 161),
(13024, 'b4af804009cb036a4ccdc33431ef9ac9', 162),
(13025, 'b4af804009cb036a4ccdc33431ef9ac9', 163),
(13026, 'b4af804009cb036a4ccdc33431ef9ac9', 164),
(13027, 'b4af804009cb036a4ccdc33431ef9ac9', 165),
(13028, 'b4af804009cb036a4ccdc33431ef9ac9', 166),
(13029, 'b4af804009cb036a4ccdc33431ef9ac9', 167),
(13030, 'b4af804009cb036a4ccdc33431ef9ac9', 168),
(13031, 'b4af804009cb036a4ccdc33431ef9ac9', 169),
(13032, 'b4af804009cb036a4ccdc33431ef9ac9', 170),
(13033, 'b4af804009cb036a4ccdc33431ef9ac9', 171),
(13034, 'b4af804009cb036a4ccdc33431ef9ac9', 172),
(13035, 'b4af804009cb036a4ccdc33431ef9ac9', 173),
(13036, 'b4af804009cb036a4ccdc33431ef9ac9', 174),
(13037, 'b4af804009cb036a4ccdc33431ef9ac9', 175),
(13038, 'b4af804009cb036a4ccdc33431ef9ac9', 176),
(13039, 'b4af804009cb036a4ccdc33431ef9ac9', 177),
(13040, 'b4af804009cb036a4ccdc33431ef9ac9', 178),
(13041, 'b4af804009cb036a4ccdc33431ef9ac9', 179),
(13042, 'b4af804009cb036a4ccdc33431ef9ac9', 180),
(13043, 'b4af804009cb036a4ccdc33431ef9ac9', 181),
(13044, 'b4af804009cb036a4ccdc33431ef9ac9', 182),
(13045, 'b4af804009cb036a4ccdc33431ef9ac9', 183),
(13046, 'b4af804009cb036a4ccdc33431ef9ac9', 184),
(13047, 'b4af804009cb036a4ccdc33431ef9ac9', 185),
(13048, 'b4af804009cb036a4ccdc33431ef9ac9', 186),
(13049, 'b4af804009cb036a4ccdc33431ef9ac9', 187),
(14001, 'b4af804009cb036a4ccdc33431ef9ac9', 188),
(14002, 'b4af804009cb036a4ccdc33431ef9ac9', 189),
(14003, 'b4af804009cb036a4ccdc33431ef9ac9', 190),
(14004, 'b4af804009cb036a4ccdc33431ef9ac9', 191),
(14005, 'b4af804009cb036a4ccdc33431ef9ac9', 192),
(14006, 'b4af804009cb036a4ccdc33431ef9ac9', 193),
(14007, 'b4af804009cb036a4ccdc33431ef9ac9', 194),
(14008, 'b4af804009cb036a4ccdc33431ef9ac9', 195),
(14009, 'b4af804009cb036a4ccdc33431ef9ac9', 196),
(14010, 'b4af804009cb036a4ccdc33431ef9ac9', 197),
(14011, 'b4af804009cb036a4ccdc33431ef9ac9', 198),
(14012, 'b4af804009cb036a4ccdc33431ef9ac9', 199),
(14013, 'b4af804009cb036a4ccdc33431ef9ac9', 200),
(14014, 'b4af804009cb036a4ccdc33431ef9ac9', 201),
(14015, 'b4af804009cb036a4ccdc33431ef9ac9', 202),
(14016, 'b4af804009cb036a4ccdc33431ef9ac9', 203),
(14017, 'b4af804009cb036a4ccdc33431ef9ac9', 204),
(14018, 'b4af804009cb036a4ccdc33431ef9ac9', 205),
(14019, 'b4af804009cb036a4ccdc33431ef9ac9', 206),
(14020, 'b4af804009cb036a4ccdc33431ef9ac9', 207),
(14021, 'b4af804009cb036a4ccdc33431ef9ac9', 208),
(14022, 'b4af804009cb036a4ccdc33431ef9ac9', 209),
(14023, 'b4af804009cb036a4ccdc33431ef9ac9', 210),
(14024, 'b4af804009cb036a4ccdc33431ef9ac9', 211),
(14025, 'b4af804009cb036a4ccdc33431ef9ac9', 212),
(14026, 'b4af804009cb036a4ccdc33431ef9ac9', 213),
(14027, 'b4af804009cb036a4ccdc33431ef9ac9', 214),
(14028, 'b4af804009cb036a4ccdc33431ef9ac9', 215),
(14029, 'b4af804009cb036a4ccdc33431ef9ac9', 216),
(14030, 'b4af804009cb036a4ccdc33431ef9ac9', 217),
(14031, 'b4af804009cb036a4ccdc33431ef9ac9', 218),
(14032, 'b4af804009cb036a4ccdc33431ef9ac9', 219),
(14033, 'b4af804009cb036a4ccdc33431ef9ac9', 220),
(14034, 'b4af804009cb036a4ccdc33431ef9ac9', 221),
(14035, 'b4af804009cb036a4ccdc33431ef9ac9', 222),
(14036, 'b4af804009cb036a4ccdc33431ef9ac9', 223),
(14037, 'b4af804009cb036a4ccdc33431ef9ac9', 224),
(14038, 'b4af804009cb036a4ccdc33431ef9ac9', 225),
(14039, 'b4af804009cb036a4ccdc33431ef9ac9', 226),
(14040, 'b4af804009cb036a4ccdc33431ef9ac9', 227),
(14041, 'b4af804009cb036a4ccdc33431ef9ac9', 228),
(14042, 'b4af804009cb036a4ccdc33431ef9ac9', 229),
(14043, 'b4af804009cb036a4ccdc33431ef9ac9', 230),
(14044, 'b4af804009cb036a4ccdc33431ef9ac9', 231),
(14045, 'b4af804009cb036a4ccdc33431ef9ac9', 232),
(14046, 'b4af804009cb036a4ccdc33431ef9ac9', 233),
(14047, 'b4af804009cb036a4ccdc33431ef9ac9', 234),
(14048, 'b4af804009cb036a4ccdc33431ef9ac9', 235),
(14049, 'b4af804009cb036a4ccdc33431ef9ac9', 236),
(14050, 'b4af804009cb036a4ccdc33431ef9ac9', 237),
(14051, 'b4af804009cb036a4ccdc33431ef9ac9', 238),
(14052, 'b4af804009cb036a4ccdc33431ef9ac9', 239),
(14053, 'b4af804009cb036a4ccdc33431ef9ac9', 240),
(14054, 'b4af804009cb036a4ccdc33431ef9ac9', 241),
(14055, 'b4af804009cb036a4ccdc33431ef9ac9', 242),
(14056, 'b4af804009cb036a4ccdc33431ef9ac9', 243),
(14057, 'b4af804009cb036a4ccdc33431ef9ac9', 244),
(15001, 'b4af804009cb036a4ccdc33431ef9ac9', 245),
(15002, 'b4af804009cb036a4ccdc33431ef9ac9', 246),
(15003, 'b4af804009cb036a4ccdc33431ef9ac9', 247),
(15004, 'b4af804009cb036a4ccdc33431ef9ac9', 248),
(15005, 'b4af804009cb036a4ccdc33431ef9ac9', 249),
(15006, 'b4af804009cb036a4ccdc33431ef9ac9', 250),
(15007, 'b4af804009cb036a4ccdc33431ef9ac9', 251),
(15008, 'b4af804009cb036a4ccdc33431ef9ac9', 252),
(15009, 'b4af804009cb036a4ccdc33431ef9ac9', 253),
(15010, 'b4af804009cb036a4ccdc33431ef9ac9', 254),
(15011, 'b4af804009cb036a4ccdc33431ef9ac9', 255),
(15012, 'b4af804009cb036a4ccdc33431ef9ac9', 256),
(15013, 'b4af804009cb036a4ccdc33431ef9ac9', 257),
(15014, 'b4af804009cb036a4ccdc33431ef9ac9', 258),
(15015, 'b4af804009cb036a4ccdc33431ef9ac9', 259),
(15016, 'b4af804009cb036a4ccdc33431ef9ac9', 260),
(15017, 'b4af804009cb036a4ccdc33431ef9ac9', 261),
(15018, 'b4af804009cb036a4ccdc33431ef9ac9', 262),
(15019, 'b4af804009cb036a4ccdc33431ef9ac9', 263),
(15020, 'b4af804009cb036a4ccdc33431ef9ac9', 264),
(15021, 'b4af804009cb036a4ccdc33431ef9ac9', 265),
(15022, 'b4af804009cb036a4ccdc33431ef9ac9', 266),
(15023, 'b4af804009cb036a4ccdc33431ef9ac9', 267),
(15024, 'b4af804009cb036a4ccdc33431ef9ac9', 268),
(15025, 'b4af804009cb036a4ccdc33431ef9ac9', 269),
(15026, 'b4af804009cb036a4ccdc33431ef9ac9', 270),
(15027, 'b4af804009cb036a4ccdc33431ef9ac9', 271),
(15028, 'b4af804009cb036a4ccdc33431ef9ac9', 272),
(15029, 'b4af804009cb036a4ccdc33431ef9ac9', 273),
(15030, 'b4af804009cb036a4ccdc33431ef9ac9', 274),
(15031, 'b4af804009cb036a4ccdc33431ef9ac9', 275),
(15032, 'b4af804009cb036a4ccdc33431ef9ac9', 276),
(15033, 'b4af804009cb036a4ccdc33431ef9ac9', 277),
(15034, 'b4af804009cb036a4ccdc33431ef9ac9', 278),
(15035, 'b4af804009cb036a4ccdc33431ef9ac9', 279),
(15036, 'b4af804009cb036a4ccdc33431ef9ac9', 280),
(15037, 'b4af804009cb036a4ccdc33431ef9ac9', 281),
(15038, 'b4af804009cb036a4ccdc33431ef9ac9', 282),
(15039, 'b4af804009cb036a4ccdc33431ef9ac9', 283),
(15040, 'b4af804009cb036a4ccdc33431ef9ac9', 284),
(15041, 'b4af804009cb036a4ccdc33431ef9ac9', 285),
(15042, 'b4af804009cb036a4ccdc33431ef9ac9', 286),
(15043, 'b4af804009cb036a4ccdc33431ef9ac9', 287),
(15044, 'b4af804009cb036a4ccdc33431ef9ac9', 288),
(15045, 'b4af804009cb036a4ccdc33431ef9ac9', 289),
(15046, 'b4af804009cb036a4ccdc33431ef9ac9', 290),
(16001, 'b4af804009cb036a4ccdc33431ef9ac9', 291),
(16002, 'b4af804009cb036a4ccdc33431ef9ac9', 292),
(16003, 'b4af804009cb036a4ccdc33431ef9ac9', 293),
(16004, 'b4af804009cb036a4ccdc33431ef9ac9', 294),
(16005, 'b4af804009cb036a4ccdc33431ef9ac9', 295),
(16006, 'b4af804009cb036a4ccdc33431ef9ac9', 296),
(16007, 'b4af804009cb036a4ccdc33431ef9ac9', 297),
(16008, 'b4af804009cb036a4ccdc33431ef9ac9', 298),
(16009, 'b4af804009cb036a4ccdc33431ef9ac9', 299),
(16010, 'b4af804009cb036a4ccdc33431ef9ac9', 300),
(16011, 'b4af804009cb036a4ccdc33431ef9ac9', 301),
(16012, 'b4af804009cb036a4ccdc33431ef9ac9', 302),
(16013, 'b4af804009cb036a4ccdc33431ef9ac9', 303),
(16014, 'b4af804009cb036a4ccdc33431ef9ac9', 304),
(16015, 'b4af804009cb036a4ccdc33431ef9ac9', 305),
(16016, 'b4af804009cb036a4ccdc33431ef9ac9', 306),
(16017, 'b4af804009cb036a4ccdc33431ef9ac9', 307),
(16018, 'b4af804009cb036a4ccdc33431ef9ac9', 308),
(16019, 'b4af804009cb036a4ccdc33431ef9ac9', 309),
(16020, 'b4af804009cb036a4ccdc33431ef9ac9', 310),
(16021, 'b4af804009cb036a4ccdc33431ef9ac9', 311),
(16022, 'b4af804009cb036a4ccdc33431ef9ac9', 312),
(16023, 'b4af804009cb036a4ccdc33431ef9ac9', 313),
(16024, 'b4af804009cb036a4ccdc33431ef9ac9', 314),
(16025, 'b4af804009cb036a4ccdc33431ef9ac9', 315),
(16026, 'b4af804009cb036a4ccdc33431ef9ac9', 316),
(16027, 'b4af804009cb036a4ccdc33431ef9ac9', 317),
(16028, 'b4af804009cb036a4ccdc33431ef9ac9', 318),
(16029, 'b4af804009cb036a4ccdc33431ef9ac9', 319),
(16030, 'b4af804009cb036a4ccdc33431ef9ac9', 320),
(16031, 'b4af804009cb036a4ccdc33431ef9ac9', 321),
(16032, 'b4af804009cb036a4ccdc33431ef9ac9', 322),
(16033, 'b4af804009cb036a4ccdc33431ef9ac9', 323),
(16034, 'b4af804009cb036a4ccdc33431ef9ac9', 324),
(16035, 'b4af804009cb036a4ccdc33431ef9ac9', 325),
(16036, 'b4af804009cb036a4ccdc33431ef9ac9', 326),
(16037, 'b4af804009cb036a4ccdc33431ef9ac9', 327),
(16038, 'b4af804009cb036a4ccdc33431ef9ac9', 328),
(16039, 'b4af804009cb036a4ccdc33431ef9ac9', 329),
(16040, 'b4af804009cb036a4ccdc33431ef9ac9', 330),
(16041, 'b4af804009cb036a4ccdc33431ef9ac9', 331),
(16042, 'b4af804009cb036a4ccdc33431ef9ac9', 332),
(16043, 'b4af804009cb036a4ccdc33431ef9ac9', 333),
(16044, 'b4af804009cb036a4ccdc33431ef9ac9', 334),
(16045, 'b4af804009cb036a4ccdc33431ef9ac9', 335),
(16046, 'b4af804009cb036a4ccdc33431ef9ac9', 336),
(16047, 'b4af804009cb036a4ccdc33431ef9ac9', 337),
(16048, 'b4af804009cb036a4ccdc33431ef9ac9', 338),
(16049, 'b4af804009cb036a4ccdc33431ef9ac9', 339),
(16050, 'b4af804009cb036a4ccdc33431ef9ac9', 340),
(17001, 'b4af804009cb036a4ccdc33431ef9ac9', 341),
(17002, 'b4af804009cb036a4ccdc33431ef9ac9', 342),
(17003, 'b4af804009cb036a4ccdc33431ef9ac9', 343),
(17004, 'b4af804009cb036a4ccdc33431ef9ac9', 344),
(17005, 'b4af804009cb036a4ccdc33431ef9ac9', 345),
(17006, 'b4af804009cb036a4ccdc33431ef9ac9', 346),
(17007, 'b4af804009cb036a4ccdc33431ef9ac9', 347),
(17008, 'b4af804009cb036a4ccdc33431ef9ac9', 348),
(17009, 'b4af804009cb036a4ccdc33431ef9ac9', 349),
(17010, 'b4af804009cb036a4ccdc33431ef9ac9', 350),
(17011, 'b4af804009cb036a4ccdc33431ef9ac9', 351),
(17012, 'b4af804009cb036a4ccdc33431ef9ac9', 352),
(17013, 'b4af804009cb036a4ccdc33431ef9ac9', 353),
(17014, 'b4af804009cb036a4ccdc33431ef9ac9', 354),
(17015, 'b4af804009cb036a4ccdc33431ef9ac9', 355),
(17016, 'b4af804009cb036a4ccdc33431ef9ac9', 356),
(17017, 'b4af804009cb036a4ccdc33431ef9ac9', 357),
(17018, 'b4af804009cb036a4ccdc33431ef9ac9', 358),
(17019, 'b4af804009cb036a4ccdc33431ef9ac9', 359),
(17020, 'b4af804009cb036a4ccdc33431ef9ac9', 360),
(17021, 'b4af804009cb036a4ccdc33431ef9ac9', 361),
(17022, 'b4af804009cb036a4ccdc33431ef9ac9', 362),
(17023, 'b4af804009cb036a4ccdc33431ef9ac9', 363),
(17024, 'b4af804009cb036a4ccdc33431ef9ac9', 364),
(17025, 'b4af804009cb036a4ccdc33431ef9ac9', 365),
(17026, 'b4af804009cb036a4ccdc33431ef9ac9', 366),
(17027, 'b4af804009cb036a4ccdc33431ef9ac9', 367),
(17028, 'b4af804009cb036a4ccdc33431ef9ac9', 368),
(17029, 'b4af804009cb036a4ccdc33431ef9ac9', 369),
(17030, 'b4af804009cb036a4ccdc33431ef9ac9', 370),
(17031, 'b4af804009cb036a4ccdc33431ef9ac9', 371),
(17032, 'b4af804009cb036a4ccdc33431ef9ac9', 372),
(17033, 'b4af804009cb036a4ccdc33431ef9ac9', 373),
(17034, 'b4af804009cb036a4ccdc33431ef9ac9', 374),
(17035, 'b4af804009cb036a4ccdc33431ef9ac9', 375),
(17036, 'b4af804009cb036a4ccdc33431ef9ac9', 376),
(17037, 'b4af804009cb036a4ccdc33431ef9ac9', 377),
(17038, 'b4af804009cb036a4ccdc33431ef9ac9', 378),
(17039, 'b4af804009cb036a4ccdc33431ef9ac9', 379),
(17040, 'b4af804009cb036a4ccdc33431ef9ac9', 380),
(17041, 'b4af804009cb036a4ccdc33431ef9ac9', 381),
(17042, 'b4af804009cb036a4ccdc33431ef9ac9', 382),
(17043, 'b4af804009cb036a4ccdc33431ef9ac9', 383),
(17044, 'b4af804009cb036a4ccdc33431ef9ac9', 384),
(17045, 'b4af804009cb036a4ccdc33431ef9ac9', 385),
(17046, 'b4af804009cb036a4ccdc33431ef9ac9', 386),
(18001, 'b4af804009cb036a4ccdc33431ef9ac9', 387),
(18002, 'b4af804009cb036a4ccdc33431ef9ac9', 388),
(18003, 'b4af804009cb036a4ccdc33431ef9ac9', 389),
(18004, 'b4af804009cb036a4ccdc33431ef9ac9', 390),
(18005, 'b4af804009cb036a4ccdc33431ef9ac9', 391),
(18006, 'b4af804009cb036a4ccdc33431ef9ac9', 392),
(18007, 'b4af804009cb036a4ccdc33431ef9ac9', 393),
(18008, 'b4af804009cb036a4ccdc33431ef9ac9', 394),
(18009, 'b4af804009cb036a4ccdc33431ef9ac9', 395),
(18010, 'b4af804009cb036a4ccdc33431ef9ac9', 396),
(18011, 'b4af804009cb036a4ccdc33431ef9ac9', 397),
(18012, 'b4af804009cb036a4ccdc33431ef9ac9', 398),
(18013, 'b4af804009cb036a4ccdc33431ef9ac9', 399),
(18014, 'b4af804009cb036a4ccdc33431ef9ac9', 400),
(18015, 'b4af804009cb036a4ccdc33431ef9ac9', 401),
(18016, 'b4af804009cb036a4ccdc33431ef9ac9', 402),
(18017, 'b4af804009cb036a4ccdc33431ef9ac9', 403),
(18018, 'b4af804009cb036a4ccdc33431ef9ac9', 404),
(18019, 'b4af804009cb036a4ccdc33431ef9ac9', 405),
(18020, 'b4af804009cb036a4ccdc33431ef9ac9', 406),
(18021, 'b4af804009cb036a4ccdc33431ef9ac9', 407),
(18022, 'b4af804009cb036a4ccdc33431ef9ac9', 408),
(18023, 'b4af804009cb036a4ccdc33431ef9ac9', 409),
(18024, 'b4af804009cb036a4ccdc33431ef9ac9', 410),
(18025, 'b4af804009cb036a4ccdc33431ef9ac9', 411),
(18026, 'b4af804009cb036a4ccdc33431ef9ac9', 412),
(19001, 'b4af804009cb036a4ccdc33431ef9ac9', 413),
(19002, 'b4af804009cb036a4ccdc33431ef9ac9', 414),
(19003, 'b4af804009cb036a4ccdc33431ef9ac9', 415),
(19004, 'b4af804009cb036a4ccdc33431ef9ac9', 416),
(19005, 'b4af804009cb036a4ccdc33431ef9ac9', 417),
(19006, 'b4af804009cb036a4ccdc33431ef9ac9', 418),
(19007, 'b4af804009cb036a4ccdc33431ef9ac9', 419),
(19008, 'b4af804009cb036a4ccdc33431ef9ac9', 420),
(19009, 'b4af804009cb036a4ccdc33431ef9ac9', 421),
(19010, 'b4af804009cb036a4ccdc33431ef9ac9', 422),
(19011, 'b4af804009cb036a4ccdc33431ef9ac9', 423),
(19012, 'b4af804009cb036a4ccdc33431ef9ac9', 424),
(19013, 'b4af804009cb036a4ccdc33431ef9ac9', 425),
(19014, 'b4af804009cb036a4ccdc33431ef9ac9', 426),
(19015, 'b4af804009cb036a4ccdc33431ef9ac9', 427),
(19016, 'b4af804009cb036a4ccdc33431ef9ac9', 428),
(19017, 'b4af804009cb036a4ccdc33431ef9ac9', 429),
(19018, 'b4af804009cb036a4ccdc33431ef9ac9', 430),
(19019, 'b4af804009cb036a4ccdc33431ef9ac9', 431),
(19020, 'b4af804009cb036a4ccdc33431ef9ac9', 432),
(19021, 'b4af804009cb036a4ccdc33431ef9ac9', 433),
(19022, 'b4af804009cb036a4ccdc33431ef9ac9', 434),
(19023, 'b4af804009cb036a4ccdc33431ef9ac9', 435),
(19024, 'b4af804009cb036a4ccdc33431ef9ac9', 436),
(19025, 'b4af804009cb036a4ccdc33431ef9ac9', 437),
(19026, 'b4af804009cb036a4ccdc33431ef9ac9', 438),
(19027, 'b4af804009cb036a4ccdc33431ef9ac9', 439),
(19028, 'b4af804009cb036a4ccdc33431ef9ac9', 440),
(19029, 'b4af804009cb036a4ccdc33431ef9ac9', 441),
(19030, 'b4af804009cb036a4ccdc33431ef9ac9', 442),
(19031, 'b4af804009cb036a4ccdc33431ef9ac9', 443),
(19032, 'b4af804009cb036a4ccdc33431ef9ac9', 444),
(19033, 'b4af804009cb036a4ccdc33431ef9ac9', 445),
(19034, 'b4af804009cb036a4ccdc33431ef9ac9', 446),
(19035, 'b4af804009cb036a4ccdc33431ef9ac9', 447),
(19036, 'b4af804009cb036a4ccdc33431ef9ac9', 448),
(19037, 'b4af804009cb036a4ccdc33431ef9ac9', 449),
(19038, 'b4af804009cb036a4ccdc33431ef9ac9', 450),
(19039, 'b4af804009cb036a4ccdc33431ef9ac9', 451),
(19040, 'b4af804009cb036a4ccdc33431ef9ac9', 452),
(19041, 'b4af804009cb036a4ccdc33431ef9ac9', 453),
(19042, 'b4af804009cb036a4ccdc33431ef9ac9', 454),
(19043, 'b4af804009cb036a4ccdc33431ef9ac9', 455),
(19044, 'b4af804009cb036a4ccdc33431ef9ac9', 456),
(19045, 'b4af804009cb036a4ccdc33431ef9ac9', 457),
(19046, 'b4af804009cb036a4ccdc33431ef9ac9', 458),
(19047, 'b4af804009cb036a4ccdc33431ef9ac9', 459),
(19048, 'b4af804009cb036a4ccdc33431ef9ac9', 460),
(19049, 'b4af804009cb036a4ccdc33431ef9ac9', 461),
(19050, 'b4af804009cb036a4ccdc33431ef9ac9', 462),
(19051, 'b4af804009cb036a4ccdc33431ef9ac9', 463),
(19052, 'b4af804009cb036a4ccdc33431ef9ac9', 464),
(19053, 'b4af804009cb036a4ccdc33431ef9ac9', 465),
(19054, 'b4af804009cb036a4ccdc33431ef9ac9', 466),
(19055, 'b4af804009cb036a4ccdc33431ef9ac9', 467),
(19056, 'b4af804009cb036a4ccdc33431ef9ac9', 468),
(19057, 'b4af804009cb036a4ccdc33431ef9ac9', 469),
(19058, 'b4af804009cb036a4ccdc33431ef9ac9', 470),
(19059, 'b4af804009cb036a4ccdc33431ef9ac9', 471),
(19060, 'b4af804009cb036a4ccdc33431ef9ac9', 472),
(19061, 'b4af804009cb036a4ccdc33431ef9ac9', 473),
(19062, 'b4af804009cb036a4ccdc33431ef9ac9', 474),
(19063, 'b4af804009cb036a4ccdc33431ef9ac9', 475),
(19064, 'b4af804009cb036a4ccdc33431ef9ac9', 476),
(19065, 'b4af804009cb036a4ccdc33431ef9ac9', 477),
(19066, 'b4af804009cb036a4ccdc33431ef9ac9', 478),
(19067, 'b4af804009cb036a4ccdc33431ef9ac9', 479),
(19068, 'b4af804009cb036a4ccdc33431ef9ac9', 480),
(19069, 'b4af804009cb036a4ccdc33431ef9ac9', 481),
(19070, 'b4af804009cb036a4ccdc33431ef9ac9', 482),
(19071, 'b4af804009cb036a4ccdc33431ef9ac9', 483),
(19072, 'b4af804009cb036a4ccdc33431ef9ac9', 484),
(19073, 'b4af804009cb036a4ccdc33431ef9ac9', 485),
(19074, 'b4af804009cb036a4ccdc33431ef9ac9', 486),
(19075, 'b4af804009cb036a4ccdc33431ef9ac9', 487),
(19076, 'b4af804009cb036a4ccdc33431ef9ac9', 488),
(19077, 'b4af804009cb036a4ccdc33431ef9ac9', 489),
(19078, 'b4af804009cb036a4ccdc33431ef9ac9', 490),
(19079, 'b4af804009cb036a4ccdc33431ef9ac9', 491),
(19080, 'b4af804009cb036a4ccdc33431ef9ac9', 492),
(19081, 'b4af804009cb036a4ccdc33431ef9ac9', 493),
(19082, 'b4af804009cb036a4ccdc33431ef9ac9', 494),
(19083, 'b4af804009cb036a4ccdc33431ef9ac9', 495),
(19084, 'b4af804009cb036a4ccdc33431ef9ac9', 496),
(19085, 'b4af804009cb036a4ccdc33431ef9ac9', 497),
(19086, 'b4af804009cb036a4ccdc33431ef9ac9', 498),
(19087, 'b4af804009cb036a4ccdc33431ef9ac9', 499),
(19088, 'b4af804009cb036a4ccdc33431ef9ac9', 500);

-- --------------------------------------------------------

--
-- Table structure for table `timetable`
--

CREATE TABLE `timetable` (
  `id` int(11) NOT NULL,
  `DeptNo` int(11) DEFAULT NULL,
  `DeptName` varchar(50) DEFAULT NULL,
  `CourseID` varchar(10) DEFAULT NULL,
  `CourseName` varchar(50) DEFAULT NULL,
  `DateTime` datetime DEFAULT NULL,
  `Idx` int(11) NOT NULL
) ENGINE=InnoDB DEFAULT CHARSET=utf8mb4;

--
-- Dumping data for table `timetable`
--

INSERT INTO `timetable` (`id`, `DeptNo`, `DeptName`, `CourseID`, `CourseName`, `DateTime`, `Idx`) VALUES
(1, 1, 'Aerospace Engineering and Applied Mechanics', 'AE101', 'Avionics', '2022-11-14 14:14:00', 0),
(2, 1, 'Aerospace Engineering and Applied Mechanics', 'AE102', 'Aero-acoustics', '2022-11-09 14:23:00', 0),
(3, 1, 'Aerospace Engineering and Applied Mechanics', 'AE103', 'Statics and Dynamics', '0000-00-00 00:00:00', 0),
(4, 2, 'Civil Engineering', 'CE101', 'Construction Engineering ', '0000-00-00 00:00:00', 0),
(5, 2, 'Civil Engineering', 'CE102', 'Material Science', '0000-00-00 00:00:00', 0),
(6, 2, 'Civil Engineering', 'CE103', 'Measurements', '0000-00-00 00:00:00', 0),
(7, 3, 'Computer Science and Technology', 'CS101', 'Data Structures and Algorithms ', '0000-00-00 00:00:00', 0),
(8, 3, 'Computer Science and Technology', 'CS102', 'Digital Electronics ', '0000-00-00 00:00:00', 0),
(9, 3, 'Computer Science and Technology', 'CS103', 'Computer Architecture ', '0000-00-00 00:00:00', 0),
(10, 5, 'Electronics and Telecommunications Engineering', 'EC101', 'Telecommunications Engineering ', '0000-00-00 00:00:00', 0),
(11, 5, 'Electronics and Telecommunications Engineering', 'EC102', 'Digital Logic', '0000-00-00 00:00:00', 0),
(12, 4, 'Electrical Engineering', 'EE101', 'Power Systems ', '0000-00-00 00:00:00', 0),
(13, 4, 'Electrical Engineering', 'EE102', 'Household circuitry', '0000-00-00 00:00:00', 0),
(14, 4, 'Electrical Engineering', 'EE103', 'Analog Electronics ', '0000-00-00 00:00:00', 0),
(15, 6, 'Information Technology', 'IT101', 'Data Structures ', '0000-00-00 00:00:00', 0),
(16, 6, 'Information Technology', 'IT102', 'Database Management Systems', '0000-00-00 00:00:00', 0),
(17, 6, 'Information Technology', 'IT103', 'Operating Systems', '0000-00-00 00:00:00', 0),
(18, 7, 'Mechanical Engineering', 'ME101', 'Solid Mechanics', '0000-00-00 00:00:00', 0),
(19, 7, 'Mechanical Engineering', 'ME102', 'Fluid Mechanics', '0000-00-00 00:00:00', 0),
(20, 7, 'Mechanical Engineering', 'ME103', 'Automobile Engineering ', '0000-00-00 00:00:00', 0),
(21, 9, 'Mining Engineering', 'MN101', 'Rock Mechanics ', '0000-00-00 00:00:00', 0),
(22, 9, 'Mining Engineering', 'MN102', 'Drilling and Blasting', '0000-00-00 00:00:00', 0),
(23, 8, 'Metallurgy and Materials Engineering', 'MT101', 'Mineral Processing ', '0000-00-00 00:00:00', 0),
(24, 8, 'Metallurgy and Materials Engineering', 'MT102', 'Thermodynamics', '0000-00-00 00:00:00', 0);

-- --------------------------------------------------------

--
-- Table structure for table `undertakes`
--

CREATE TABLE `undertakes` (
  `StudentID` int(11) NOT NULL,
  `CourseID` varchar(10) NOT NULL,
  `Attendance` int(11) NOT NULL,
  `InternalMarks` int(11) NOT NULL,
  `PaperMarks` int(11) NOT NULL
) ENGINE=InnoDB DEFAULT CHARSET=utf8mb4;

--
-- Dumping data for table `undertakes`
--

INSERT INTO `undertakes` (`StudentID`, `CourseID`, `Attendance`, `InternalMarks`, `PaperMarks`) VALUES
(11001, 'AE101', 15, 20, 60),
(11001, 'AE103', 17, 19, 49),
(11002, 'AE101', 6, 21, 62),
(11002, 'AE103', 18, 20, 50),
(11003, 'AE101', 7, 22, 64),
(11003, 'AE103', 19, 21, 51),
(11004, 'AE101', 8, 20, 66),
(11004, 'AE103', 20, 22, 52),
(11005, 'AE101', 9, 21, 60),
(11005, 'AE103', 19, 23, 53),
(11006, 'AE101', 10, 22, 60),
(11006, 'AE103', 18, 24, 54),
(11007, 'AE101', 11, 30, 50),
(11007, 'AE103', 17, 25, 55),
(11008, 'AE101', 12, 30, 52),
(11008, 'AE103', 16, 26, 56),
(11009, 'AE101', 13, 28, 54),
(11009, 'AE103', 15, 27, 57),
(11010, 'AE101', 14, 28, 56),
(11010, 'AE103', 14, 28, 58),
(11011, 'AE101', 15, 29, 58),
(11011, 'AE103', 13, 29, 59),
(11012, 'AE101', 16, 29, 60),
(11012, 'AE103', 12, 30, 60),
(11013, 'AE101', 17, 15, 62),
(11013, 'AE103', 11, 29, 61),
(11014, 'AE101', 18, 30, 64),
(11014, 'AE103', 10, 28, 62),
(11015, 'AE101', 19, 30, 66),
(11015, 'AE103', 9, 27, 63),
(11016, 'AE101', 20, 25, 68),
(11016, 'AE103', 8, 26, 64),
(11017, 'AE101', 18, 30, 70),
(11017, 'AE103', 7, 25, 65),
(11018, 'AE101', 18, 30, 68),
(11018, 'AE103', 6, 24, 66),
(11019, 'AE101', 17, 29, 64),
(11019, 'AE103', 5, 23, 67),
(11020, 'AE101', 16, 21, 61),
(11020, 'AE103', 4, 22, 68),
(11021, 'AE102', 20, 22, 63),
(11021, 'AE103', 20, 22, 63),
(11022, 'AE102', 14, 23, 60),
(11022, 'AE103', 14, 23, 60),
(11023, 'AE102', 13, 24, 70),
(11024, 'AE102', 12, 25, 40),
(11025, 'AE102', 11, 26, 41),
(11026, 'AE102', 10, 27, 42),
(11027, 'AE102', 9, 28, 43),
(11028, 'AE102', 8, 29, 44),
(11029, 'AE102', 7, 30, 45),
(11030, 'AE102', 6, 30, 46),
(11031, 'AE102', 5, 28, 47),
(11032, 'AE102', 4, 26, 48),
(11033, 'AE102', 3, 24, 49),
(11034, 'AE102', 15, 22, 50),
(11035, 'AE102', 16, 20, 51),
(11036, 'AE102', 17, 18, 52),
(11037, 'AE102', 18, 16, 53),
(11038, 'AE102', 19, 14, 54),
(11039, 'AE102', 20, 30, 55),
(11040, 'AE102', 5, 20, 56),
(11040, 'AE103', 5, 20, 56),
(11041, 'AE102', 6, 18, 57),
(11041, 'AE103', 6, 18, 57),
(11042, 'AE102', 7, 26, 58),
(11042, 'AE103', 7, 26, 58),
(11043, 'AE102', 8, 10, 40),
(11043, 'AE103', 8, 10, 40),
(11044, 'AE102', 9, 11, 41),
(11044, 'AE103', 9, 11, 41),
(11045, 'AE102', 10, 12, 42),
(11045, 'AE103', 10, 12, 42),
(11046, 'AE102', 11, 13, 43),
(11046, 'AE103', 11, 13, 43),
(11047, 'AE102', 12, 14, 44),
(11047, 'AE103', 12, 14, 44),
(11048, 'AE102', 13, 15, 45),
(11048, 'AE103', 13, 15, 45),
(11049, 'AE102', 14, 16, 46),
(11049, 'AE103', 14, 16, 46),
(11050, 'AE102', 15, 17, 47),
(11050, 'AE103', 15, 17, 47),
(11051, 'AE102', 16, 18, 48),
(11051, 'AE103', 16, 18, 48),
(13001, 'CS101', 15, 30, 30),
(13001, 'CS103', 20, 17, 42),
(13002, 'CS101', 15, 29, 31),
(13003, 'CS101', 15, 28, 32),
(13003, 'CS103', 19, 18, 43),
(13004, 'CS101', 15, 27, 33),
(13005, 'CS101', 15, 26, 34),
(13005, 'CS103', 18, 19, 44),
(13006, 'CS101', 15, 25, 35),
(13007, 'CS101', 15, 24, 36),
(13007, 'CS103', 17, 20, 45),
(13008, 'CS101', 15, 23, 37),
(13009, 'CS101', 15, 22, 38),
(13009, 'CS103', 16, 21, 46),
(13010, 'CS101', 19, 21, 39),
(13011, 'CS101', 18, 20, 40),
(13011, 'CS103', 15, 22, 47),
(13012, 'CS101', 17, 19, 41),
(13013, 'CS101', 16, 18, 42),
(13013, 'CS103', 14, 23, 48),
(13014, 'CS101', 15, 17, 43),
(13015, 'CS101', 14, 16, 44),
(13015, 'CS103', 13, 24, 49),
(13016, 'CS101', 13, 15, 45),
(13017, 'CS101', 12, 14, 46),
(13017, 'CS103', 12, 25, 50),
(13018, 'CS101', 11, 13, 47),
(13019, 'CS101', 10, 12, 48),
(13019, 'CS103', 11, 26, 51),
(13020, 'CS101', 9, 11, 49),
(13021, 'CS101', 8, 10, 50),
(13021, 'CS103', 10, 27, 52),
(13022, 'CS101', 7, 9, 51),
(13023, 'CS101', 5, 8, 52),
(13023, 'CS103', 9, 28, 53),
(13024, 'CS101', 6, 7, 53),
(13025, 'CS101', 7, 6, 54),
(13026, 'CS101', 8, 5, 55),
(13027, 'CS101', 9, 5, 56),
(13028, 'CS101', 10, 6, 57),
(13029, 'CS101', 11, 7, 58),
(13030, 'CS101', 12, 8, 59),
(13031, 'CS101', 13, 9, 60),
(13032, 'CS101', 14, 10, 61),
(13033, 'CS101', 15, 11, 62),
(13034, 'CS101', 16, 12, 63),
(13035, 'CS101', 17, 13, 64),
(13035, 'CS103', 8, 29, 54),
(13036, 'CS103', 6, 30, 55),
(13037, 'CS103', 7, 29, 56),
(13038, 'CS103', 8, 28, 57),
(13039, 'CS103', 9, 27, 58),
(13040, 'CS103', 10, 26, 59),
(13041, 'CS103', 11, 25, 60),
(13042, 'CS103', 12, 24, 61),
(13043, 'CS103', 13, 23, 62),
(13044, 'CS103', 14, 22, 63),
(13045, 'CS103', 15, 21, 64),
(13046, 'CS103', 16, 20, 65),
(13047, 'CS103', 17, 19, 66),
(13048, 'CS103', 18, 18, 67),
(13049, 'CS103', 19, 17, 68),
(14001, 'EE101', 20, 10, 60),
(14002, 'EE101', 20, 11, 61),
(14003, 'EE101', 20, 12, 62),
(14004, 'EE101', 20, 13, 63),
(14005, 'EE101', 20, 14, 64),
(14006, 'EE101', 20, 15, 65),
(14007, 'EE101', 20, 16, 66),
(14008, 'EE101', 20, 17, 67),
(14009, 'EE101', 20, 18, 68),
(14010, 'EE101', 20, 19, 69),
(14010, 'EE103', 10, 11, 25),
(14011, 'EE101', 20, 20, 70),
(14012, 'EE101', 20, 19, 69),
(14013, 'EE101', 15, 20, 68),
(14013, 'EE103', 11, 12, 27),
(14014, 'EE101', 16, 20, 70),
(14015, 'EE101', 17, 16, 40),
(14016, 'EE101', 17, 20, 41),
(14016, 'EE103', 12, 13, 29),
(14017, 'EE101', 16, 17, 42),
(14018, 'EE101', 15, 20, 43),
(14019, 'EE101', 14, 19, 44),
(14019, 'EE103', 13, 14, 31),
(14020, 'EE101', 13, 20, 45),
(14020, 'EE102', 5, 10, 70),
(14021, 'EE101', 12, 10, 46),
(14021, 'EE102', 6, 11, 69),
(14022, 'EE101', 11, 11, 47),
(14022, 'EE102', 8, 12, 68),
(14022, 'EE103', 14, 15, 33),
(14023, 'EE101', 10, 12, 48),
(14023, 'EE102', 9, 13, 67),
(14024, 'EE101', 9, 13, 49),
(14024, 'EE102', 10, 14, 66),
(14025, 'EE101', 8, 14, 50),
(14025, 'EE102', 10, 15, 65),
(14025, 'EE103', 15, 16, 35),
(14026, 'EE101', 7, 15, 51),
(14026, 'EE102', 6, 16, 64),
(14027, 'EE101', 6, 16, 52),
(14027, 'EE102', 7, 17, 63),
(14028, 'EE101', 12, 17, 53),
(14028, 'EE102', 8, 18, 62),
(14028, 'EE103', 16, 17, 37),
(14029, 'EE101', 13, 18, 54),
(14029, 'EE102', 9, 19, 61),
(14030, 'EE101', 12, 19, 55),
(14030, 'EE102', 10, 20, 60),
(14031, 'EE101', 14, 20, 56),
(14031, 'EE102', 11, 21, 59),
(14031, 'EE103', 17, 18, 39),
(14032, 'EE102', 12, 22, 58),
(14033, 'EE102', 13, 23, 57),
(14034, 'EE102', 14, 24, 56),
(14034, 'EE103', 16, 19, 41),
(14035, 'EE102', 15, 25, 55),
(14036, 'EE102', 16, 26, 54),
(14037, 'EE102', 17, 27, 53),
(14037, 'EE103', 15, 20, 43),
(14038, 'EE102', 18, 28, 52),
(14039, 'EE102', 19, 29, 51),
(14040, 'EE102', 20, 30, 50),
(14040, 'EE103', 14, 21, 45),
(14041, 'EE102', 15, 30, 49),
(14042, 'EE102', 15, 29, 48),
(14043, 'EE102', 15, 28, 47),
(14043, 'EE103', 13, 22, 47),
(14044, 'EE102', 15, 27, 46),
(14045, 'EE102', 15, 26, 45),
(14046, 'EE102', 15, 25, 44),
(14046, 'EE103', 12, 23, 49),
(14047, 'EE102', 15, 24, 43),
(14048, 'EE102', 15, 23, 42),
(14049, 'EE102', 15, 22, 41),
(14049, 'EE103', 11, 24, 51),
(14050, 'EE102', 15, 21, 40),
(14051, 'EE102', 15, 20, 39),
(14052, 'EE102', 15, 19, 38),
(14052, 'EE103', 10, 25, 53),
(14053, 'EE102', 15, 18, 37),
(14054, 'EE102', 15, 17, 36),
(14055, 'EE102', 15, 16, 35),
(14055, 'EE103', 9, 26, 55),
(14056, 'EE102', 15, 15, 34),
(14056, 'EE103', 8, 27, 57),
(14057, 'EE102', 15, 14, 33),
(14057, 'EE103', 7, 28, 59),
(15001, 'EC101', 5, 20, 20),
(15002, 'EC101', 6, 20, 22),
(15003, 'EC101', 4, 21, 24),
(15004, 'EC101', 5, 22, 26),
(15004, 'EC102', 8, 30, 59),
(15005, 'EC101', 6, 23, 28),
(15006, 'EC101', 7, 24, 30),
(15006, 'EC102', 7, 30, 57),
(15007, 'EC101', 8, 25, 32),
(15008, 'EC101', 9, 26, 34),
(15008, 'EC102', 6, 28, 55),
(15009, 'EC101', 10, 27, 36),
(15010, 'EC101', 11, 28, 38),
(15010, 'EC102', 5, 30, 53),
(15011, 'EC101', 12, 29, 40),
(15012, 'EC101', 13, 30, 42),
(15012, 'EC102', 4, 26, 51),
(15013, 'EC101', 14, 30, 44),
(15014, 'EC101', 15, 30, 46),
(15014, 'EC102', 3, 30, 49),
(15015, 'EC101', 16, 15, 48),
(15016, 'EC101', 17, 16, 50),
(15016, 'EC102', 12, 28, 47),
(15017, 'EC101', 18, 17, 52),
(15018, 'EC101', 19, 18, 54),
(15018, 'EC102', 16, 25, 45),
(15019, 'EC101', 20, 19, 56),
(15020, 'EC101', 20, 20, 58),
(15020, 'EC102', 20, 21, 43),
(15021, 'EC101', 19, 21, 60),
(15022, 'EC101', 18, 22, 62),
(15022, 'EC102', 19, 26, 41),
(15023, 'EC101', 17, 23, 64),
(15024, 'EC101', 16, 24, 66),
(15024, 'EC102', 20, 24, 39),
(15025, 'EC101', 15, 25, 68),
(15026, 'EC101', 14, 26, 70),
(15026, 'EC102', 20, 25, 37),
(15027, 'EC101', 13, 27, 70),
(15028, 'EC101', 12, 28, 67),
(15028, 'EC102', 20, 20, 35),
(15029, 'EC101', 11, 29, 65),
(15030, 'EC101', 10, 30, 63),
(15030, 'EC102', 20, 21, 33),
(15031, 'EC101', 9, 30, 61),
(15032, 'EC102', 20, 14, 31),
(15034, 'EC102', 2, 15, 29),
(15036, 'EC102', 3, 16, 27),
(15038, 'EC102', 4, 17, 25),
(15040, 'EC102', 5, 18, 23),
(15042, 'EC102', 6, 19, 21),
(15044, 'EC102', 7, 20, 19),
(15046, 'EC102', 8, 21, 17),
(16001, 'IT101', 9, 22, 19),
(16002, 'IT102', 8, 11, 42),
(16003, 'IT101', 10, 23, 20),
(16004, 'IT102', 7, 12, 43),
(16005, 'IT101', 11, 24, 21),
(16006, 'IT102', 6, 13, 44),
(16007, 'IT101', 12, 25, 22),
(16008, 'IT102', 5, 14, 45),
(16009, 'IT101', 13, 26, 23),
(16010, 'IT102', 4, 16, 46),
(16010, 'IT103', 11, 24, 67),
(16011, 'IT101', 14, 27, 24),
(16012, 'IT102', 3, 17, 47),
(16013, 'IT101', 15, 28, 25),
(16013, 'IT103', 12, 23, 68),
(16014, 'IT102', 10, 18, 48),
(16015, 'IT101', 16, 29, 26),
(16016, 'IT102', 11, 19, 49),
(16016, 'IT103', 13, 22, 69),
(16017, 'IT101', 17, 20, 27),
(16018, 'IT102', 12, 20, 50),
(16019, 'IT101', 18, 20, 28),
(16019, 'IT103', 14, 21, 70),
(16020, 'IT102', 13, 21, 51),
(16021, 'IT101', 19, 20, 29),
(16022, 'IT102', 14, 22, 52),
(16022, 'IT103', 15, 20, 65),
(16023, 'IT101', 20, 20, 30),
(16024, 'IT102', 15, 23, 53),
(16025, 'IT101', 19, 20, 31),
(16025, 'IT103', 16, 19, 60),
(16026, 'IT102', 16, 24, 54),
(16027, 'IT101', 18, 20, 32),
(16028, 'IT102', 17, 25, 55),
(16028, 'IT103', 17, 18, 55),
(16029, 'IT101', 17, 20, 33),
(16030, 'IT102', 18, 26, 56),
(16031, 'IT101', 16, 20, 34),
(16031, 'IT103', 18, 17, 50),
(16032, 'IT102', 10, 27, 57),
(16033, 'IT101', 15, 20, 35),
(16034, 'IT102', 2, 28, 58),
(16034, 'IT103', 19, 16, 45),
(16035, 'IT101', 14, 20, 36),
(16036, 'IT102', 3, 29, 59),
(16037, 'IT101', 13, 20, 37),
(16037, 'IT103', 20, 15, 40),
(16038, 'IT102', 4, 30, 60),
(16039, 'IT101', 12, 20, 38),
(16040, 'IT102', 5, 30, 61),
(16040, 'IT103', 20, 14, 35),
(16041, 'IT101', 11, 20, 39),
(16042, 'IT102', 6, 29, 62),
(16043, 'IT101', 10, 20, 40),
(16043, 'IT103', 15, 13, 30),
(16044, 'IT102', 7, 28, 63),
(16045, 'IT101', 9, 20, 41),
(16046, 'IT102', 8, 27, 64),
(16046, 'IT103', 14, 12, 25),
(16048, 'IT102', 9, 26, 65),
(16049, 'IT103', 15, 11, 20),
(16050, 'IT102', 10, 25, 66),
(16050, 'IT103', 15, 10, 30),
(18001, 'MT101', 5, 20, 30),
(18002, 'MT101', 6, 21, 31),
(18002, 'MT102', 13, 25, 49),
(18003, 'MT101 ', 7, 22, 32),
(18004, 'MT101', 8, 23, 33),
(18005, 'MT101', 9, 24, 34),
(18006, 'MT101', 10, 25, 35),
(18007, 'MT101', 11, 26, 36),
(18008, 'MT101', 12, 27, 37),
(18009, 'MT101', 29, 28, 38),
(18010, 'MT101', 14, 29, 39),
(18010, 'MT102', 10, 24, 50),
(18011, 'MT101', 15, 30, 40),
(18011, 'MT102', 10, 23, 51),
(18012, 'MT101', 16, 30, 41),
(18012, 'MT102', 15, 22, 52),
(18013, 'MT101', 17, 25, 42),
(18013, 'MT102', 16, 21, 53),
(18014, 'MT101', 18, 30, 43),
(18014, 'MT102', 20, 20, 54),
(18015, 'MT101', 19, 30, 44),
(18015, 'MT102', 19, 19, 55),
(18016, 'MT101', 20, 29, 45),
(18016, 'MT102', 18, 18, 56),
(18017, 'MT101', 19, 28, 46),
(18017, 'MT102', 17, 17, 57),
(18018, 'MT101', 17, 27, 47),
(18018, 'MT102', 16, 16, 58),
(18019, 'MT101', 15, 26, 48),
(18019, 'MT102', 15, 15, 59),
(18020, 'MT102', 14, 14, 60),
(18021, 'MT102', 13, 13, 61),
(18022, 'MT102', 12, 12, 62),
(18023, 'MT102', 11, 11, 63),
(18024, 'MT102', 30, 10, 64),
(18025, 'MT102', 29, 9, 65),
(18026, 'MT102', 8, 8, 66),
(19001, 'MN101', 30, 30, 20),
(19002, 'MN101', 30, 29, 22),
(19003, 'MN101', 29, 28, 24),
(19004, 'MN101', 28, 27, 26),
(19005, 'MN101', 27, 26, 28),
(19006, 'MN101', 26, 25, 30),
(19007, 'MN101', 25, 24, 32),
(19008, 'MN101', 24, 23, 34),
(19009, 'MN101', 23, 22, 36),
(19010, 'MN101', 22, 21, 38),
(19011, 'MN101', 21, 20, 40),
(19012, 'MN101', 20, 19, 42),
(19013, 'MN101', 19, 18, 44),
(19014, 'MN101', 18, 17, 46),
(19015, 'MN101', 17, 16, 48),
(19016, 'MN101', 16, 15, 50),
(19017, 'MN101', 15, 14, 52),
(19018, 'MN101', 14, 13, 54),
(19019, 'MN101', 13, 12, 56),
(19020, 'MN101', 12, 11, 58),
(19021, 'MN101', 11, 10, 60),
(19022, 'MN101', 10, 9, 62),
(19023, 'MN101', 9, 8, 64),
(19024, 'MN101', 8, 7, 66),
(19025, 'MN101', 7, 6, 68),
(19026, 'MN101', 6, 5, 70),
(19027, 'MN101', 5, 4, 19),
(19028, 'MN101', 10, 3, 20),
(19029, 'MN101', 11, 2, 21),
(19030, 'MN101', 15, 10, 22),
(19031, 'MN101', 10, 11, 23),
(19032, 'MN101', 30, 12, 24),
(19033, 'MN101', 8, 13, 25),
(19034, 'MN101', 9, 14, 26),
(19035, 'MN101', 10, 15, 27),
(19036, 'MN101', 11, 16, 28),
(19037, 'MN101', 12, 17, 29),
(19038, 'MN101', 13, 18, 30),
(19039, 'MN101', 14, 19, 31),
(19040, 'MN101', 15, 20, 32),
(19041, 'MN101', 16, 21, 33),
(19042, 'MN101', 17, 22, 34),
(19043, 'MN101', 18, 23, 35),
(19044, 'MN101', 19, 24, 36),
(19045, 'MN101', 20, 25, 37),
(19046, 'MN101', 21, 26, 38),
(19047, 'MN101', 22, 27, 39),
(19048, 'MN101', 23, 28, 40),
(19049, 'MN101', 24, 29, 41),
(19050, 'MN101', 25, 5, 42),
(19050, 'MN102', 13, 28, 65),
(19051, 'MN101', 26, 6, 43),
(19051, 'MN102', 12, 29, 66),
(19052, 'MN101', 27, 7, 44),
(19052, 'MN102', 11, 30, 67),
(19053, 'MN101', 28, 8, 45),
(19053, 'MN102', 10, 25, 68),
(19054, 'MN101', 29, 9, 46),
(19054, 'MN102', 9, 25, 69),
(19055, 'MN101', 30, 10, 47),
(19055, 'MN102', 8, 25, 70),
(19056, 'MN101', 30, 11, 48),
(19056, 'MN102', 7, 30, 20),
(19057, 'MN101', 29, 12, 49),
(19057, 'MN102', 6, 30, 21),
(19058, 'MN101', 28, 13, 50),
(19058, 'MN102', 8, 29, 22),
(19059, 'MN101', 27, 14, 51),
(19059, 'MN102', 9, 28, 23),
(19060, 'MN101', 26, 15, 52),
(19060, 'MN102', 12, 27, 24),
(19061, 'MN101', 25, 16, 53),
(19061, 'MN102', 11, 26, 25),
(19062, 'MN101', 24, 17, 54),
(19062, 'MN102', 12, 25, 26),
(19063, 'MN101', 23, 18, 55),
(19063, 'MN102', 13, 24, 27),
(19064, 'MN101', 22, 19, 56),
(19064, 'MN102', 14, 23, 28),
(19065, 'MN101', 21, 20, 57),
(19065, 'MN102', 15, 22, 29),
(19066, 'MN101', 20, 21, 58),
(19066, 'MN102', 16, 21, 30),
(19067, 'MN101', 19, 22, 59),
(19067, 'MN102', 17, 20, 31),
(19068, 'MN101', 18, 23, 60),
(19068, 'MN102', 18, 19, 32),
(19069, 'MN101', 17, 24, 61),
(19069, 'MN102', 19, 18, 33),
(19070, 'MN101', 16, 25, 62),
(19070, 'MN102', 20, 17, 34),
(19071, 'MN101', 15, 26, 63),
(19071, 'MN102', 21, 16, 35),
(19072, 'MN101', 14, 27, 64),
(19072, 'MN102', 22, 15, 36),
(19073, 'MN102', 23, 14, 37),
(19074, 'MN102', 24, 13, 38),
(19075, 'MN102', 25, 12, 39),
(19076, 'MN102', 26, 11, 40),
(19077, 'MN102', 27, 10, 41),
(19078, 'MN102', 28, 15, 42),
(19079, 'MN102', 29, 18, 43),
(19080, 'MN102', 30, 13, 44),
(19081, 'MN102', 28, 17, 45),
(19082, 'MN102', 28, 18, 46),
(19083, 'MN102', 26, 19, 47),
(19084, 'MN102', 26, 20, 48),
(19085, 'MN102', 24, 21, 49),
(19086, 'MN102', 22, 22, 50),
(19087, 'MN102', 20, 23, 51),
(19088, 'MN102', 18, 24, 52);

-- --------------------------------------------------------

--
-- Table structure for table `undertakes_1`
--

CREATE TABLE `undertakes_1` (
  `COL 1` varchar(9) DEFAULT NULL,
  `COL 2` varchar(8) DEFAULT NULL,
  `COL 3` varchar(10) DEFAULT NULL,
  `COL 4` varchar(13) DEFAULT NULL,
  `COL 5` varchar(10) DEFAULT NULL
) ENGINE=InnoDB DEFAULT CHARSET=utf8;

--
-- Dumping data for table `undertakes_1`
--

INSERT INTO `undertakes_1` (`COL 1`, `COL 2`, `COL 3`, `COL 4`, `COL 5`) VALUES
('StudentID', 'CourseID', 'Attendance', 'InternalMarks', 'PaperMarks'),
('11001', 'AE101', '15', '20', '60'),
('11002', 'AE101', '6', '21', '62'),
('11003', 'AE101', '7', '22', '64'),
('11004', 'AE101', '8', '20', '66'),
('11005', 'AE101', '9', '21', '60'),
('11006', 'AE101', '10', '22', '60'),
('11007', 'AE101', '11', '30', '50'),
('11008', 'AE101', '12', '30', '52'),
('11009', 'AE101', '13', '28', '54'),
('11010', 'AE101', '14', '28', '56'),
('11011', 'AE101', '15', '29', '58'),
('11012', 'AE101', '16', '29', '60'),
('11013', 'AE101', '17', '15', '62'),
('11014', 'AE101', '18', '30', '64'),
('11015', 'AE101', '19', '30', '66'),
('11016', 'AE101', '20', '25', '68'),
('11017', 'AE101', '18', '30', '70'),
('11018', 'AE101', '18', '30', '68'),
('11019', 'AE101', '17', '29', '64'),
('11020', 'AE101', '16', '21', '61'),
('11021', 'AE102', '15', '22', '63'),
('11022', 'AE102', '14', '23', '60'),
('11023', 'AE102', '13', '24', '70'),
('11024', 'AE102', '12', '25', '40'),
('11025', 'AE102', '11', '26', '41'),
('11026', 'AE102', '10', '27', '42'),
('11027', 'AE102', '9', '28', '43'),
('11028', 'AE102', '8', '29', '44'),
('11029', 'AE102', '7', '30', '45'),
('11030', 'AE102', '6', '30', '46'),
('11031', 'AE102', '5', '28', '47'),
('11032', 'AE102', '4', '26', '48'),
('11033', 'AE102', '3', '24', '49'),
('11034', 'AE102', '15', '22', '50'),
('11035', 'AE102', '16', '20', '51'),
('11036', 'AE102', '17', '18', '52'),
('11037', 'AE102', '18', '16', '53'),
('11038', 'AE102', '19', '14', '54'),
('11039', 'AE102', '20', '30', '55'),
('11040', 'AE102', '5', '20', '56'),
('11041', 'AE102', '6', '18', '57'),
('11042', 'AE102', '7', '26', '58'),
('11043', 'AE102', '8', '10', '40'),
('11044', 'AE102', '9', '11', '41'),
('11045', 'AE102', '10', '12', '42'),
('11046', 'AE102', '11', '13', '43'),
('11047', 'AE102', '12', '14', '44'),
('11048', 'AE102', '13', '15', '45'),
('11049', 'AE102', '14', '16', '46'),
('11050', 'AE102', '15', '17', '47'),
('11051', 'AE102', '16', '18', '48'),
('11001', 'AE103', '17', '19', '49'),
('11002', 'AE103', '18', '20', '50'),
('11003', 'AE103', '19', '21', '51'),
('11004', 'AE103', '20', '22', '52'),
('11005', 'AE103', '19', '23', '53'),
('11006', 'AE103', '18', '24', '54'),
('11007', 'AE103', '17', '25', '55'),
('11008', 'AE103', '16', '26', '56'),
('11009', 'AE103', '15', '27', '57'),
('11010', 'AE103', '14', '28', '58'),
('11011', 'AE103', '13', '29', '59'),
('11012', 'AE103', '12', '30', '60'),
('11013', 'AE103', '11', '29', '61'),
('11014', 'AE103', '10', '28', '62'),
('11015', 'AE103', '9', '27', '63'),
('11016', 'AE103', '8', '26', '64'),
('11017', 'AE103', '7', '25', '65'),
('11018', 'AE103', '6', '24', '66'),
('11019', 'AE103', '5', '23', '67'),
('11020', 'AE103', '4', '22', '68'),
('11021', 'AE103', '13', '21', '69'),
('11022', 'AE103', '12', '20', '70'),
('11040', 'AE103', '11', '19', '50'),
('11041', 'AE103', '10', '18', '52'),
('11042', 'AE103', '11', '17', '54'),
('11043', 'AE103', '12', '16', '54'),
('11044', 'AE103', '13', '15', '56'),
('11045', 'AE103', '14', '14', '57'),
('11046', 'AE103', '15', '13', '58'),
('11047', 'AE103', '16', '12', '59'),
('11048', 'AE103', '17', '11', '60'),
('11049', 'AE103', '18', '10', '61'),
('11050', 'AE103', '19', '9', '62'),
('11051', 'AE103', '20', '8', '63'),
('12001', 'CE101', '20', '5', '35'),
('12002', 'CE101', '20', '6', '36'),
('12003', 'CE101', '19', '7', '37'),
('12004', 'CE101', '19', '8', '38'),
('12005', 'CE101', '18', '9', '39'),
('12006', 'CE101', '18', '10', '40'),
('12007', 'CE101', '17', '11', '41'),
('12008', 'CE101', '18', '12', '42'),
('12009', 'CE101', '19', '13', '43'),
('12010', 'CE101', '20', '14', '44'),
('12011', 'CE101', '19', '15', '45'),
('12012', 'CE101', '18', '16', '46'),
('12013', 'CE101', '17', '17', '47'),
('12014', 'CE101', '16', '18', '48'),
('12015', 'CE101', '15', '19', '49'),
('12016', 'CE101', '14', '20', '50'),
('12017', 'CE101', '13', '21', '51'),
('12018', 'CE101', '12', '22', '52'),
('12019', 'CE101', '11', '23', '53'),
('12020', 'CE101', '10', '24', '54'),
('12021', 'CE101', '9', '25', '55'),
('12022', 'CE101', '8', '26', '56'),
('12023', 'CE101', '7', '27', '57'),
('12024', 'CE101', '6', '28', '58'),
('12025', 'CE101', '5', '29', '59'),
('12026', 'CE101', '4', '30', '60'),
('12027', 'CE101', '3', '29', '61'),
('12028', 'CE101', '2', '28', '62'),
('12029', 'CE101', '10', '27', '63'),
('12030', 'CE101', '10', '26', '64'),
('12031', 'CE101', '11', '25', '65'),
('12001', 'CE102', '12', '24', '66'),
('12003', 'CE102', '13', '23', '67'),
('12005', 'CE102', '14', '22', '68'),
('12007', 'CE102', '15', '21', '69'),
('12009', 'CE102', '16', '20', '70'),
('12011', 'CE102', '17', '19', '69'),
('12013', 'CE102', '18', '18', '68'),
('12015', 'CE102', '19', '17', '67'),
('12017', 'CE102', '20', '16', '66'),
('12019', 'CE102', '20', '15', '65'),
('12021', 'CE102', '19', '10', '64'),
('12023', 'CE102', '18', '11', '63'),
('12025', 'CE102', '17', '12', '62'),
('12027', 'CE102', '16', '13', '61'),
('12029', 'CE102', '15', '14', '60'),
('12031', 'CE102', '14', '15', '59'),
('12033', 'CE102', '13', '16', '58'),
('12035', 'CE102', '12', '17', '57'),
('12037', 'CE102', '11', '18', '56'),
('12039', 'CE102', '10', '19', '55'),
('12041', 'CE102', '9', '20', '54'),
('12043', 'CE102', '8', '21', '53'),
('12045', 'CE102', '7', '22', '52'),
('12047', 'CE102', '6', '23', '51'),
('12049', 'CE102', '5', '24', '50'),
('12051', 'CE102', '4', '25', '49'),
('12053', 'CE102', '6', '26', '48'),
('12055', 'CE102', '7', '27', '47'),
('12057', 'CE102', '8', '28', '46'),
('12059', 'CE102', '9', '29', '45'),
('12060', 'CE102', '10', '30', '44'),
('12002', 'CE103', '11', '29', '43'),
('12004', 'CE103', '12', '28', '42'),
('12006', 'CE103', '13', '27', '41'),
('12008', 'CE103', '14', '26', '40'),
('12010', 'CE103', '15', '25', '39'),
('12012', 'CE103', '16', '24', '38'),
('12014', 'CE103', '17', '23', '37'),
('12016', 'CE103', '18', '22', '36'),
('12018', 'CE103', '19', '21', '35'),
('12020', 'CE103', '20', '20', '34'),
('12022', 'CE103', '10', '19', '33'),
('12024', 'CE103', '11', '18', '32'),
('12026', 'CE103', '12', '17', '31'),
('12028', 'CE103', '13', '16', '32'),
('12030', 'CE103', '14', '15', '33'),
('12032', 'CE103', '15', '14', '34'),
('12034', 'CE103', '16', '13', '35'),
('12036', 'CE103', '17', '12', '36'),
('12038', 'CE103', '18', '13', '37'),
('12040', 'CE103', '19', '14', '38'),
('12042', 'CE103', '20', '15', '39'),
('12044', 'CE103', '20', '16', '40'),
('12046', 'CE103', '19', '17', '41'),
('12048', 'CE103', '18', '18', '42'),
('12050', 'CE103', '17', '19', '43'),
('12052', 'CE103', '16', '20', '44'),
('12054', 'CE103', '15', '21', '45'),
('12056', 'CE103', '14', '22', '46'),
('12058', 'CE103', '13', '23', '47'),
('12060', 'CE103', '12', '24', '48'),
('13001', 'CS101', '15', '30', '30'),
('13002', 'CS101', '15', '29', '31'),
('13003', 'CS101', '15', '28', '32'),
('13004', 'CS101', '15', '27', '33'),
('13005', 'CS101', '15', '26', '34'),
('13006', 'CS101', '15', '25', '35'),
('13007', 'CS101', '15', '24', '36'),
('13008', 'CS101', '15', '23', '37'),
('13009', 'CS101', '15', '22', '38'),
('13010', 'CS101', '19', '21', '39'),
('13011', 'CS101', '18', '20', '40'),
('13012', 'CS101', '17', '19', '41'),
('13013', 'CS101', '16', '18', '42'),
('13014', 'CS101', '15', '17', '43'),
('13015', 'CS101', '14', '16', '44'),
('13016', 'CS101', '13', '15', '45'),
('13017', 'CS101', '12', '14', '46'),
('13018', 'CS101', '11', '13', '47'),
('13019', 'CS101', '10', '12', '48'),
('13020', 'CS101', '9', '11', '49'),
('13021', 'CS101', '8', '10', '50'),
('13022', 'CS101', '7', '9', '51'),
('13023', 'CS101', '5', '8', '52'),
('13024', 'CS101', '6', '7', '53'),
('13025', 'CS101', '7', '6', '54'),
('13026', 'CS101', '8', '5', '55'),
('13027', 'CS101', '9', '5', '56'),
('13028', 'CS101', '10', '6', '57'),
('13029', 'CS101', '11', '7', '58'),
('13030', 'CS101', '12', '8', '59'),
('13031', 'CS101', '13', '9', '60'),
('13032', 'CS101', '14', '10', '61'),
('13033', 'CS101', '15', '11', '62'),
('13034', 'CS101', '16', '12', '63'),
('13035', 'CS101', '17', '13', '64'),
('13026', 'CS102', '5', '14', '65'),
('13027', 'CS102', '6', '15', '66'),
('13028', 'CS102', '7', '16', '67'),
('13029', 'CS102', '8', '17', '68'),
('13030', 'CS102', '9', '18', '69'),
('13031', 'CS102', '10', '19', '70'),
('13032', 'CS102', '11', '20', '70'),
('13033', 'CS102', '12', '21', '25'),
('13034', 'CS102', '13', '22', '26'),
('13035', 'CS102', '14', '23', '27'),
('13036', 'CS102', '15', '24', '28'),
('13037', 'CS102', '16', '25', '29'),
('13038', 'CS102', '17', '26', '30'),
('13039', 'CS102', '18', '27', '31'),
('13040', 'CS102', '19', '28', '32'),
('13041', 'CS102', '20', '29', '33'),
('13042', 'CS102', '20', '30', '34'),
('13043', 'CS102', '19', '10', '35'),
('13044', 'CS102', '18', '11', '36'),
('13045', 'CS102', '17', '12', '37'),
('13046', 'CS102', '16', '13', '38'),
('13047', 'CS102', '15', '14', '39'),
('13048', 'CS102', '14', '15', '40'),
('13049', 'CS102', '13', '16', '41'),
('13001', 'CS103', '20', '17', '42'),
('13003', 'CS103', '19', '18', '43'),
('13005', 'CS103', '18', '19', '44'),
('13007', 'CS103', '17', '20', '45'),
('13009', 'CS103', '16', '21', '46'),
('13011', 'CS103', '15', '22', '47'),
('13013', 'CS103', '14', '23', '48'),
('13015', 'CS103', '13', '24', '49'),
('13017', 'CS103', '12', '25', '50'),
('13019', 'CS103', '11', '26', '51'),
('13021', 'CS103', '10', '27', '52'),
('13023', 'CS103', '9', '28', '53'),
('13035', 'CS103', '8', '29', '54'),
('13036', 'CS103', '6', '30', '55'),
('13037', 'CS103', '7', '29', '56'),
('13038', 'CS103', '8', '28', '57'),
('13039', 'CS103', '9', '27', '58'),
('13040', 'CS103', '10', '26', '59'),
('13041', 'CS103', '11', '25', '60'),
('13042', 'CS103', '12', '24', '61'),
('13043', 'CS103', '13', '23', '62'),
('13044', 'CS103', '14', '22', '63'),
('13045', 'CS103', '15', '21', '64'),
('13046', 'CS103', '16', '20', '65'),
('13047', 'CS103', '17', '19', '66'),
('13048', 'CS103', '18', '18', '67'),
('13049', 'CS103', '19', '17', '68'),
('14001', 'EE101', '20', '10', '60'),
('14002', 'EE101', '20', '11', '61'),
('14003', 'EE101', '20', '12', '62'),
('14004', 'EE101', '20', '13', '63'),
('14005', 'EE101', '20', '14', '64'),
('14006', 'EE101', '20', '15', '65'),
('14007', 'EE101', '20', '16', '66'),
('14008', 'EE101', '20', '17', '67'),
('14009', 'EE101', '20', '18', '68'),
('14010', 'EE101', '20', '19', '69'),
('14011', 'EE101', '20', '20', '70'),
('14012', 'EE101', '20', '19', '69'),
('14013', 'EE101', '15', '20', '68'),
('14014', 'EE101', '16', '20', '70'),
('14015', 'EE101', '17', '16', '40'),
('14016', 'EE101', '17', '20', '41'),
('14017', 'EE101', '16', '17', '42'),
('14018', 'EE101', '15', '20', '43'),
('14019', 'EE101', '14', '19', '44'),
('14020', 'EE101', '13', '20', '45'),
('14021', 'EE101', '12', '10', '46'),
('14022', 'EE101', '11', '11', '47'),
('14023', 'EE101', '10', '12', '48'),
('14024', 'EE101', '9', '13', '49'),
('14025', 'EE101', '8', '14', '50'),
('14026', 'EE101', '7', '15', '51'),
('14027', 'EE101', '6', '16', '52'),
('14028', 'EE101', '12', '17', '53'),
('14029', 'EE101', '13', '18', '54'),
('14030', 'EE101', '12', '19', '55'),
('14031', 'EE101', '14', '20', '56'),
('14020', 'EE102', '5', '10', '70'),
('14021', 'EE102', '6', '11', '69'),
('14022', 'EE102', '8', '12', '68'),
('14023', 'EE102', '9', '13', '67'),
('14024', 'EE102', '10', '14', '66'),
('14025', 'EE102', '10', '15', '65'),
('14026', 'EE102', '6', '16', '64'),
('14027', 'EE102', '7', '17', '63'),
('14028', 'EE102', '8', '18', '62'),
('14029', 'EE102', '9', '19', '61'),
('14030', 'EE102', '10', '20', '60'),
('14031', 'EE102', '11', '21', '59'),
('14032', 'EE102', '12', '22', '58'),
('14033', 'EE102', '13', '23', '57'),
('14034', 'EE102', '14', '24', '56'),
('14035', 'EE102', '15', '25', '55'),
('14036', 'EE102', '16', '26', '54'),
('14037', 'EE102', '17', '27', '53'),
('14038', 'EE102', '18', '28', '52'),
('14039', 'EE102', '19', '29', '51'),
('14040', 'EE102', '20', '30', '50'),
('14041', 'EE102', '15', '30', '49'),
('14042', 'EE102', '15', '29', '48'),
('14043', 'EE102', '15', '28', '47'),
('14044', 'EE102', '15', '27', '46'),
('14045', 'EE102', '15', '26', '45'),
('14046', 'EE102', '15', '25', '44'),
('14047', 'EE102', '15', '24', '43'),
('14048', 'EE102', '15', '23', '42'),
('14049', 'EE102', '15', '22', '41'),
('14050', 'EE102', '15', '21', '40'),
('14051', 'EE102', '15', '20', '39'),
('14052', 'EE102', '15', '19', '38'),
('14053', 'EE102', '15', '18', '37'),
('14054', 'EE102', '15', '17', '36'),
('14055', 'EE102', '15', '16', '35'),
('14056', 'EE102', '15', '15', '34'),
('14057', 'EE102', '15', '14', '33'),
('14010', 'EE103', '10', '11', '25'),
('14013', 'EE103', '11', '12', '27'),
('14016', 'EE103', '12', '13', '29'),
('14019', 'EE103', '13', '14', '31'),
('14022', 'EE103', '14', '15', '33'),
('14025', 'EE103', '15', '16', '35'),
('14028', 'EE103', '16', '17', '37'),
('14031', 'EE103', '17', '18', '39'),
('14034', 'EE103', '16', '19', '41'),
('14037', 'EE103', '15', '20', '43'),
('14040', 'EE103', '14', '21', '45'),
('14043', 'EE103', '13', '22', '47'),
('14046', 'EE103', '12', '23', '49'),
('14049', 'EE103', '11', '24', '51'),
('14052', 'EE103', '10', '25', '53'),
('14055', 'EE103', '9', '26', '55'),
('14056', 'EE103', '8', '27', '57'),
('14057', 'EE103', '7', '28', '59'),
('15001', 'EC101', '5', '20', '20'),
('15002', 'EC101', '6', '20', '22'),
('15003', 'EC101', '4', '21', '24'),
('15004', 'EC101', '5', '22', '26'),
('15005', 'EC101', '6', '23', '28'),
('15006', 'EC101', '7', '24', '30'),
('15007', 'EC101', '8', '25', '32'),
('15008', 'EC101', '9', '26', '34'),
('15009', 'EC101', '10', '27', '36'),
('15010', 'EC101', '11', '28', '38'),
('15011', 'EC101', '12', '29', '40'),
('15012', 'EC101', '13', '30', '42'),
('15013', 'EC101', '14', '30', '44'),
('15014', 'EC101', '15', '30', '46'),
('15015', 'EC101', '16', '15', '48'),
('15016', 'EC101', '17', '16', '50'),
('15017', 'EC101', '18', '17', '52'),
('15018', 'EC101', '19', '18', '54'),
('15019', 'EC101', '20', '19', '56'),
('15020', 'EC101', '20', '20', '58'),
('15021', 'EC101', '19', '21', '60'),
('15022', 'EC101', '18', '22', '62'),
('15023', 'EC101', '17', '23', '64'),
('15024', 'EC101', '16', '24', '66'),
('15025', 'EC101', '15', '25', '68'),
('15026', 'EC101', '14', '26', '70'),
('15027', 'EC101', '13', '27', '70'),
('15028', 'EC101', '12', '28', '67'),
('15029', 'EC101', '11', '29', '65'),
('15030', 'EC101', '10', '30', '63'),
('15031', 'EC101', '9', '30', '61'),
('15004', 'EC102', '8', '30', '59'),
('15006', 'EC102', '7', '30', '57'),
('15008', 'EC102', '6', '28', '55'),
('15010', 'EC102', '5', '30', '53'),
('15012', 'EC102', '4', '26', '51'),
('15014', 'EC102', '3', '30', '49'),
('15016', 'EC102', '12', '28', '47'),
('15018', 'EC102', '16', '25', '45'),
('15020', 'EC102', '20', '21', '43'),
('15022', 'EC102', '19', '26', '41'),
('15024', 'EC102', '20', '24', '39'),
('15026', 'EC102', '20', '25', '37'),
('15028', 'EC102', '20', '20', '35'),
('15030', 'EC102', '20', '21', '33'),
('15032', 'EC102', '20', '14', '31'),
('15034', 'EC102', '2', '15', '29'),
('15036', 'EC102', '3', '16', '27'),
('15038', 'EC102', '4', '17', '25'),
('15040', 'EC102', '5', '18', '23'),
('15042', 'EC102', '6', '19', '21'),
('15044', 'EC102', '7', '20', '19'),
('15046', 'EC102', '8', '21', '17'),
('16001', 'IT101', '9', '22', '19'),
('16003', 'IT101', '10', '23', '20'),
('16005', 'IT101', '11', '24', '21'),
('16007', 'IT101', '12', '25', '22'),
('16009', 'IT101', '13', '26', '23'),
('16011', 'IT101', '14', '27', '24'),
('16013', 'IT101', '15', '28', '25'),
('16015', 'IT101', '16', '29', '26'),
('16017', 'IT101', '17', '20', '27'),
('16019', 'IT101', '18', '20', '28'),
('16021', 'IT101', '19', '20', '29'),
('16023', 'IT101', '20', '20', '30'),
('16025', 'IT101', '19', '20', '31'),
('16027', 'IT101', '18', '20', '32'),
('16029', 'IT101', '17', '20', '33'),
('16031', 'IT101', '16', '20', '34'),
('16033', 'IT101', '15', '20', '35'),
('16035', 'IT101', '14', '20', '36'),
('16037', 'IT101', '13', '20', '37'),
('16039', 'IT101', '12', '20', '38'),
('16041', 'IT101', '11', '20', '39'),
('16043', 'IT101', '10', '20', '40'),
('16045', 'IT101', '9', '20', '41'),
('16002', 'IT102', '8', '11', '42'),
('16004', 'IT102', '7', '12', '43'),
('16006', 'IT102', '6', '13', '44'),
('16008', 'IT102', '5', '14', '45'),
('16010', 'IT102', '4', '16', '46'),
('16012', 'IT102', '3', '17', '47'),
('16014', 'IT102', '10', '18', '48'),
('16016', 'IT102', '11', '19', '49'),
('16018', 'IT102', '12', '20', '50'),
('16020', 'IT102', '13', '21', '51'),
('16022', 'IT102', '14', '22', '52'),
('16024', 'IT102', '15', '23', '53'),
('16026', 'IT102', '16', '24', '54'),
('16028', 'IT102', '17', '25', '55'),
('16030', 'IT102', '18', '26', '56'),
('16032', 'IT102', '10', '27', '57'),
('16034', 'IT102', '2', '28', '58'),
('16036', 'IT102', '3', '29', '59'),
('16038', 'IT102', '4', '30', '60'),
('16040', 'IT102', '5', '30', '61'),
('16042', 'IT102', '6', '29', '62'),
('16044', 'IT102', '7', '28', '63'),
('16046', 'IT102', '8', '27', '64'),
('16048', 'IT102', '9', '26', '65'),
('16050', 'IT102', '10', '25', '66'),
('16010', 'IT103', '11', '24', '67'),
('16013', 'IT103', '12', '23', '68'),
('16016', 'IT103', '13', '22', '69'),
('16019', 'IT103', '14', '21', '70'),
('16022', 'IT103', '15', '20', '65'),
('16025', 'IT103', '16', '19', '60'),
('16028', 'IT103', '17', '18', '55'),
('16031', 'IT103', '18', '17', '50'),
('16034', 'IT103', '19', '16', '45'),
('16037', 'IT103', '20', '15', '40'),
('16040', 'IT103', '20', '14', '35'),
('16043', 'IT103', '15', '13', '30'),
('16046', 'IT103', '14', '12', '25'),
('16049', 'IT103', '15', '11', '20'),
('16050', 'IT103', '15', '10', '30'),
('17001', 'ME101', '13', '9', '20'),
('17002', 'ME101', '20', '8', '21'),
('17003', 'ME101', '16', '7', '23'),
('17004', 'ME101', '19', '6', '24'),
('17005', 'ME101', '17', '5', '25'),
('17006', 'ME101', '12', '4', '26'),
('17007', 'ME101', '15', '3', '27'),
('17008', 'ME101', '12', '5', '28'),
('17009', 'ME101', '15', '6', '29'),
('17010', 'ME101', '15', '7', '30'),
('17011', 'ME101', '15', '8', '31'),
('17012', 'ME101', '15', '9', '32'),
('17013', 'ME101', '15', '10', '33'),
('17014', 'ME101', '15', '11', '34'),
('17015', 'ME101', '15', '12', '35'),
('17016', 'ME101', '15', '13', '36'),
('17017', 'ME101', '15', '14', '37'),
('17018', 'ME101', '15', '15', '38'),
('17019', 'ME101', '15', '16', '39'),
('17020', 'ME101', '15', '17', '40'),
('17021', 'ME101', '15', '18', '41'),
('17022', 'ME101', '15', '19', '42'),
('17023', 'ME101', '15', '20', '60'),
('17024', 'ME101', '15', '21', '68'),
('17025', 'ME101', '15', '22', '67'),
('17016', 'ME102', '15', '23', '66'),
('17030', 'ME102', '15', '24', '65'),
('17031', 'ME102', '15', '25', '64'),
('17032', 'ME102', '12', '26', '63'),
('17033', 'ME102', '13', '27', '62'),
('17034', 'ME102', '14', '28', '61'),
('17035', 'ME102', '14', '30', '60'),
('17036', 'ME102', '14', '30', '59'),
('17037', 'ME102', '14', '29', '58'),
('17038', 'ME102', '14', '28', '57'),
('17039', 'ME102', '14', '27', '56'),
('17040', 'ME102', '14', '26', '55'),
('17041', 'ME102', '14', '25', '54'),
('17042', 'ME102', '14', '24', '53'),
('17043', 'ME102', '14', '23', '52'),
('17044', 'ME102', '14', '22', '51'),
('17045', 'ME102', '14', '21', '50'),
('17046', 'ME102', '14', '20', '49'),
('17002', 'ME103', '14', '19', '48'),
('17004', 'ME103', '10', '18', '47'),
('17006', 'ME103', '15', '17', '46'),
('17008', 'ME103', '18', '16', '45'),
('17010', 'ME103', '10', '15', '44'),
('17012', 'ME103', '18', '14', '43'),
('17014', 'ME103', '17', '13', '42'),
('17016', 'ME103', '16', '12', '41'),
('17018', 'ME103', '16', '15', '40'),
('17020', 'ME103', '18', '16', '39'),
('17022', 'ME103', '10', '17', '38'),
('17024', 'ME103', '11', '18', '37'),
('17026', 'ME103', '12', '19', '36'),
('17028', 'ME103', '13', '20', '35'),
('17030', 'ME103', '14', '21', '34'),
('17032', 'ME103', '15', '22', '33'),
('17034', 'ME103', '16', '23', '32'),
('17036', 'ME103', '17', '24', '31'),
('17038', 'ME103', '18', '25', '30'),
('17040', 'ME103', '19', '26', '29'),
('17042', 'ME103', '20', '27', '28'),
('17044', 'ME103', '20', '28', '27'),
('17046', 'ME103', '20', '29', '26'),
('18001', 'MT101', '5', '20', '30'),
('18002', 'MT101', '6', '21', '31'),
('18003', 'MT101 ', '7', '22', '32'),
('18004', 'MT101', '8', '23', '33'),
('18005', 'MT101', '9', '24', '34'),
('18006', 'MT101', '10', '25', '35'),
('18007', 'MT101', '11', '26', '36'),
('18008', 'MT101', '12', '27', '37'),
('18009', 'MT101', '29', '28', '38'),
('18010', 'MT101', '14', '29', '39'),
('18011', 'MT101', '15', '30', '40'),
('18012', 'MT101', '16', '30', '41'),
('18013', 'MT101', '17', '25', '42'),
('18014', 'MT101', '18', '30', '43'),
('18015', 'MT101', '19', '30', '44'),
('18016', 'MT101', '20', '29', '45'),
('18017', 'MT101', '19', '28', '46'),
('18018', 'MT101', '17', '27', '47'),
('18019', 'MT101', '15', '26', '48'),
('18002', 'MT102', '13', '25', '49'),
('18010', 'MT102', '10', '24', '50'),
('18011', 'MT102', '10', '23', '51'),
('18012', 'MT102', '15', '22', '52'),
('18013', 'MT102', '16', '21', '53'),
('18014', 'MT102', '20', '20', '54'),
('18015', 'MT102', '19', '19', '55'),
('18016', 'MT102', '18', '18', '56'),
('18017', 'MT102', '17', '17', '57'),
('18018', 'MT102', '16', '16', '58'),
('18019', 'MT102', '15', '15', '59'),
('18020', 'MT102', '14', '14', '60'),
('18021', 'MT102', '13', '13', '61'),
('18022', 'MT102', '12', '12', '62'),
('18023', 'MT102', '11', '11', '63'),
('18024', 'MT102', '30', '10', '64'),
('18025', 'MT102', '29', '9', '65'),
('18026', 'MT102', '8', '8', '66'),
('19001', 'MN101', '30', '30', '20'),
('19002', 'MN101', '30', '29', '22'),
('19003', 'MN101', '29', '28', '24'),
('19004', 'MN101', '28', '27', '26'),
('19005', 'MN101', '27', '26', '28'),
('19006', 'MN101', '26', '25', '30'),
('19007', 'MN101', '25', '24', '32'),
('19008', 'MN101', '24', '23', '34'),
('19009', 'MN101', '23', '22', '36'),
('19010', 'MN101', '22', '21', '38'),
('19011', 'MN101', '21', '20', '40'),
('19012', 'MN101', '20', '19', '42'),
('19013', 'MN101', '19', '18', '44'),
('19014', 'MN101', '18', '17', '46'),
('19015', 'MN101', '17', '16', '48'),
('19016', 'MN101', '16', '15', '50'),
('19017', 'MN101', '15', '14', '52'),
('19018', 'MN101', '14', '13', '54'),
('19019', 'MN101', '13', '12', '56'),
('19020', 'MN101', '12', '11', '58'),
('19021', 'MN101', '11', '10', '60'),
('19022', 'MN101', '10', '9', '62'),
('19023', 'MN101', '9', '8', '64'),
('19024', 'MN101', '8', '7', '66'),
('19025', 'MN101', '7', '6', '68'),
('19026', 'MN101', '6', '5', '70'),
('19027', 'MN101', '5', '4', '19'),
('19028', 'MN101', '10', '3', '20'),
('19029', 'MN101', '11', '2', '21'),
('19030', 'MN101', '15', '10', '22'),
('19031', 'MN101', '10', '11', '23'),
('19032', 'MN101', '30', '12', '24'),
('19033', 'MN101', '8', '13', '25'),
('19034', 'MN101', '9', '14', '26'),
('19035', 'MN101', '10', '15', '27'),
('19036', 'MN101', '11', '16', '28'),
('19037', 'MN101', '12', '17', '29'),
('19038', 'MN101', '13', '18', '30'),
('19039', 'MN101', '14', '19', '31'),
('19040', 'MN101', '15', '20', '32'),
('19041', 'MN101', '16', '21', '33'),
('19042', 'MN101', '17', '22', '34'),
('19043', 'MN101', '18', '23', '35'),
('19044', 'MN101', '19', '24', '36'),
('19045', 'MN101', '20', '25', '37'),
('19046', 'MN101', '21', '26', '38'),
('19047', 'MN101', '22', '27', '39'),
('19048', 'MN101', '23', '28', '40'),
('19049', 'MN101', '24', '29', '41'),
('19050', 'MN101', '25', '5', '42'),
('19051', 'MN101', '26', '6', '43'),
('19052', 'MN101', '27', '7', '44'),
('19053', 'MN101', '28', '8', '45'),
('19054', 'MN101', '29', '9', '46'),
('19055', 'MN101', '30', '10', '47'),
('19056', 'MN101', '30', '11', '48'),
('19057', 'MN101', '29', '12', '49'),
('19058', 'MN101', '28', '13', '50'),
('19059', 'MN101', '27', '14', '51'),
('19060', 'MN101', '26', '15', '52'),
('19061', 'MN101', '25', '16', '53'),
('19062', 'MN101', '24', '17', '54'),
('19063', 'MN101', '23', '18', '55'),
('19064', 'MN101', '22', '19', '56'),
('19065', 'MN101', '21', '20', '57'),
('19066', 'MN101', '20', '21', '58'),
('19067', 'MN101', '19', '22', '59'),
('19068', 'MN101', '18', '23', '60'),
('19069', 'MN101', '17', '24', '61'),
('19070', 'MN101', '16', '25', '62'),
('19071', 'MN101', '15', '26', '63'),
('19072', 'MN101', '14', '27', '64'),
('19050', 'MN102', '13', '28', '65'),
('19051', 'MN102', '12', '29', '66'),
('19052', 'MN102', '11', '30', '67'),
('19053', 'MN102', '10', '25', '68'),
('19054', 'MN102', '9', '25', '69'),
('19055', 'MN102', '8', '25', '70'),
('19056', 'MN102', '7', '30', '20'),
('19057', 'MN102', '6', '30', '21'),
('19058', 'MN102', '8', '29', '22'),
('19059', 'MN102', '9', '28', '23'),
('19060', 'MN102', '12', '27', '24'),
('19061', 'MN102', '11', '26', '25'),
('19062', 'MN102', '12', '25', '26'),
('19063', 'MN102', '13', '24', '27'),
('19064', 'MN102', '14', '23', '28'),
('19065', 'MN102', '15', '22', '29'),
('19066', 'MN102', '16', '21', '30'),
('19067', 'MN102', '17', '20', '31'),
('19068', 'MN102', '18', '19', '32'),
('19069', 'MN102', '19', '18', '33'),
('19070', 'MN102', '20', '17', '34'),
('19071', 'MN102', '21', '16', '35'),
('19072', 'MN102', '22', '15', '36'),
('19073', 'MN102', '23', '14', '37'),
('19074', 'MN102', '24', '13', '38'),
('19075', 'MN102', '25', '12', '39'),
('19076', 'MN102', '26', '11', '40'),
('19077', 'MN102', '27', '10', '41'),
('19078', 'MN102', '28', '15', '42'),
('19079', 'MN102', '29', '18', '43'),
('19080', 'MN102', '30', '13', '44'),
('19081', 'MN102', '28', '17', '45'),
('19082', 'MN102', '28', '18', '46'),
('19083', 'MN102', '26', '19', '47'),
('19084', 'MN102', '26', '20', '48'),
('19085', 'MN102', '24', '21', '49'),
('19086', 'MN102', '22', '22', '50'),
('19087', 'MN102', '20', '23', '51'),
('19088', 'MN102', '18', '24', '52');

--
-- Indexes for dumped tables
--

--
-- Indexes for table `course`
--
ALTER TABLE `course`
  ADD PRIMARY KEY (`CourseID`),
  ADD UNIQUE KEY `CourseName` (`CourseName`),
  ADD KEY `course_ibfk_1` (`DeptNo`),
  ADD KEY `course_ibfk_2` (`InstructorID`),
  ADD KEY `ins_id` (`InstructorID`,`ClassesTaken`);

--
-- Indexes for table `department`
--
ALTER TABLE `department`
  ADD PRIMARY KEY (`DeptNo`),
  ADD UNIQUE KEY `DeptName` (`DeptName`),
  ADD UNIQUE KEY `Head` (`Head`);

--
-- Indexes for table `head`
--
ALTER TABLE `head`
  ADD PRIMARY KEY (`DeptNo`),
  ADD KEY `Head` (`Head`);

--
-- Indexes for table `instructor`
--
ALTER TABLE `instructor`
  ADD PRIMARY KEY (`InstructorID`),
  ADD UNIQUE KEY `PersonID` (`PersonID`),
  ADD KEY `DeptNo` (`DeptNo`);

--
-- Indexes for table `person`
--
ALTER TABLE `person`
  ADD PRIMARY KEY (`PersonID`);

--
-- Indexes for table `person_1`
--
ALTER TABLE `person_1`
  ADD PRIMARY KEY (`PersonID`);

--
-- Indexes for table `phone`
--
ALTER TABLE `phone`
  ADD KEY `PersonID` (`PersonID`);

--
-- Indexes for table `student`
--
ALTER TABLE `student`
  ADD PRIMARY KEY (`StudentID`),
  ADD UNIQUE KEY `PersonID` (`PersonID`);

--
-- Indexes for table `timetable`
--
ALTER TABLE `timetable`
  ADD UNIQUE KEY `id` (`id`);

--
-- Indexes for table `undertakes`
--
ALTER TABLE `undertakes`
  ADD PRIMARY KEY (`StudentID`,`CourseID`),
  ADD KEY `CourseID` (`CourseID`),
  ADD KEY `stuid_att` (`StudentID`,`Attendance`),
  ADD KEY `stuid_pap` (`StudentID`,`PaperMarks`),
  ADD KEY `stuid_int` (`StudentID`,`InternalMarks`);

--
-- AUTO_INCREMENT for dumped tables
--

--
-- AUTO_INCREMENT for table `timetable`
--
ALTER TABLE `timetable`
  MODIFY `id` int(11) NOT NULL AUTO_INCREMENT, AUTO_INCREMENT=35;

--
-- Constraints for dumped tables
--

--
-- Constraints for table `course`
--
ALTER TABLE `course`
  ADD CONSTRAINT `course_ibfk_1` FOREIGN KEY (`DeptNo`) REFERENCES `department` (`DeptNo`) ON DELETE CASCADE,
  ADD CONSTRAINT `course_ibfk_2` FOREIGN KEY (`InstructorID`) REFERENCES `instructor` (`InstructorID`) ON DELETE CASCADE;

--
-- Constraints for table `department`
--
ALTER TABLE `department`
  ADD CONSTRAINT `department_ibfk_1` FOREIGN KEY (`Head`) REFERENCES `instructor` (`InstructorID`) ON DELETE CASCADE;

--
-- Constraints for table `head`
--
ALTER TABLE `head`
  ADD CONSTRAINT `head_ibfk_1` FOREIGN KEY (`DeptNo`) REFERENCES `department` (`DeptNo`) ON DELETE CASCADE,
  ADD CONSTRAINT `head_ibfk_2` FOREIGN KEY (`Head`) REFERENCES `instructor` (`InstructorID`) ON DELETE CASCADE;

--
-- Constraints for table `instructor`
--
ALTER TABLE `instructor`
  ADD CONSTRAINT `instructor_ibfk_1` FOREIGN KEY (`PersonID`) REFERENCES `person` (`PersonID`) ON DELETE CASCADE,
  ADD CONSTRAINT `instructor_ibfk_2` FOREIGN KEY (`DeptNo`) REFERENCES `department` (`DeptNo`) ON DELETE CASCADE;

--
-- Constraints for table `phone`
--
ALTER TABLE `phone`
  ADD CONSTRAINT `phone_ibfk_1` FOREIGN KEY (`PersonID`) REFERENCES `person` (`PersonID`) ON DELETE CASCADE;

--
-- Constraints for table `student`
--
ALTER TABLE `student`
  ADD CONSTRAINT `student_ibfk_1` FOREIGN KEY (`PersonID`) REFERENCES `person` (`PersonID`) ON DELETE CASCADE;

--
-- Constraints for table `undertakes`
--
ALTER TABLE `undertakes`
  ADD CONSTRAINT `undertakes_ibfk_1` FOREIGN KEY (`StudentID`) REFERENCES `student` (`StudentID`) ON DELETE CASCADE,
  ADD CONSTRAINT `undertakes_ibfk_2` FOREIGN KEY (`CourseID`) REFERENCES `course` (`CourseID`) ON DELETE CASCADE;
COMMIT;

/*!40101 SET CHARACTER_SET_CLIENT=@OLD_CHARACTER_SET_CLIENT */;
/*!40101 SET CHARACTER_SET_RESULTS=@OLD_CHARACTER_SET_RESULTS */;
/*!40101 SET COLLATION_CONNECTION=@OLD_COLLATION_CONNECTION */;
